Categories,Conductor O&M Cost (USD per mile per year),Converter O&M Cost (USD per mile per year)
Overhead/AC/140MW/Standard Aluminum Conductor/NA,855.5702518,0
Overhead/AC/140MW/Advanced Aluminum Conductor/NA,771.2687805,0
Overhead/AC/329MW/Standard Aluminum Conductor/NA,1425.95042,0
Overhead/AC/329MW/Advanced Aluminum Conductor/NA,771.2687805,0
Overhead/AC/394MW/Standard Aluminum Conductor/NA,1111.289182,0
Overhead/AC/394MW/Advanced Aluminum Conductor/NA,1323.014397,0
Overhead/AC/460MW/Standard Aluminum Conductor/NA,1025.142734,0
Overhead/AC/460MW/Advanced Aluminum Conductor/NA,1323.014397,0
Overhead/AC/657MW/Standard Aluminum Conductor/NA,1025.142734,0
Overhead/AC/657MW/Advanced Aluminum Conductor/NA,2646.028793,0
Overhead/AC/1792MW/Standard Aluminum Conductor/NA,2050.285468,0
Overhead/AC/1792MW/Advanced Aluminum Conductor/NA,2646.028793,0
Overhead/AC/2598MW/Standard Aluminum Conductor/NA,3690.513843,0
Overhead/AC/2598MW/Advanced Aluminum Conductor/NA,3969.04319,0
Overhead/AC/6625MW/Standard Aluminum Conductor/NA,6150.856405,0
Overhead/AC/6625MW/Advanced Aluminum Conductor/NA,5609.271564,0
Overhead/DC/500MW/Standard Aluminum Conductor/LCC Converter,1481.71891,597.5117651
Overhead/DC/500MW/Standard Aluminum Conductor/VSC Converter,1481.71891,597.5117651
Overhead/DC/500MW/Advanced Aluminum Conductor/LCC Converter,1474.26372,594.5054166
Overhead/DC/500MW/Advanced Aluminum Conductor/VSC Converter,1474.26372,594.5054166
Overhead/DC/1500MW/Standard Aluminum Conductor/LCC Converter,2733.713958,1195.02353
Overhead/DC/1500MW/Standard Aluminum Conductor/VSC Converter,2733.713958,1195.02353
Overhead/DC/1500MW/Advanced Aluminum Conductor/LCC Converter,2719.959422,1189.010833
Overhead/DC/1500MW/Advanced Aluminum Conductor/VSC Converter,2719.959422,1189.010833
Overhead/DC/2000MW/Standard Aluminum Conductor/LCC Converter,2733.713958,1195.02353
Overhead/DC/2000MW/Standard Aluminum Conductor/VSC Converter,2733.713958,1195.02353
Overhead/DC/2000MW/Advanced Aluminum Conductor/LCC Converter,2719.959422,1189.010833
Overhead/DC/2000MW/Advanced Aluminum Conductor/VSC Converter,2719.959422,1189.010833
Overhead/DC/2400MW/Standard Aluminum Conductor/LCC Converter,2733.713958,1195.02353
Overhead/DC/2400MW/Standard Aluminum Conductor/VSC Converter,2733.713958,1195.02353
Overhead/DC/2400MW/Advanced Aluminum Conductor/LCC Converter,2719.959422,1189.010833
Overhead/DC/2400MW/Advanced Aluminum Conductor/VSC Converter,2719.959422,1189.010833
Overhead/DC/6000MW/Standard Aluminum Conductor/LCC Converter,4100.570937,1792.535295
Overhead/DC/6000MW/Standard Aluminum Conductor/VSC Converter,4100.570937,1792.535295
Overhead/DC/6000MW/Advanced Aluminum Conductor/LCC Converter,4234.677659,1851.159091
Overhead/DC/6000MW/Advanced Aluminum Conductor/VSC Converter,4234.677659,1851.159091
Underground direct-buried/AC/140MW/Underground Copper Conductor/NA,5313.69716,0
Underground direct-buried/AC/329MW/Underground Copper Conductor/NA,5313.69716,0
Underground direct-buried/AC/394MW/Underground Copper Conductor/NA,5313.69716,0
Underground direct-buried/AC/460MW/Underground Copper Conductor/NA,9488.744928,0
Underground direct-buried/AC/657MW/Underground Copper Conductor/NA,18977.48986,0
Underground direct-buried/AC/1792MW/Underground Copper Conductor/NA,18977.48986,0
Underground direct-buried/AC/2598MW/Underground Copper Conductor/NA,18977.48986,0
Underground direct-buried/AC/6625MW/Underground Copper Conductor/NA,18977.48986,0
Underground direct-buried/DC/500MW/Underground Copper Conductor/LCC Converter,2277.298783,667.484126
Underground direct-buried/DC/500MW/Underground Copper Conductor/VSC Converter,2277.298783,667.484126
Underground direct-buried/DC/1500MW/Underground Copper Conductor/LCC Converter,7590.995943,2224.947087
Underground direct-buried/DC/1500MW/Underground Copper Conductor/VSC Converter,7590.995943,2224.947087
Underground direct-buried/DC/2000MW/Underground Copper Conductor/LCC Converter,7590.995943,2224.947087
Underground direct-buried/DC/2000MW/Underground Copper Conductor/VSC Converter,7590.995943,2224.947087
Underground direct-buried/DC/2400MW/Underground Copper Conductor/LCC Converter,15181.99189,4384.454553
Underground direct-buried/DC/2400MW/Underground Copper Conductor/VSC Converter,15181.99189,4384.454553
Underground direct-buried/DC/6000MW/Underground Copper Conductor/LCC Converter,15181.99189,4384.454553
Underground direct-buried/DC/6000MW/Underground Copper Conductor/VSC Converter,15181.99189,4384.454553
Underground tunnel/AC/140MW/Underground Copper Conductor/NA,11971.08785,0
Underground tunnel/AC/329MW/Underground Copper Conductor/NA,11971.08785,0
Underground tunnel/AC/394MW/Underground Copper Conductor/NA,11971.08785,0
Underground tunnel/AC/460MW/Underground Copper Conductor/NA,21376.9426,0
Underground tunnel/AC/657MW/Underground Copper Conductor/NA,32501.67803,0
Underground tunnel/AC/1792MW/Underground Copper Conductor/NA,32501.67803,0
Underground tunnel/AC/2598MW/Underground Copper Conductor/NA,32501.67803,0
Underground tunnel/AC/6625MW/Underground Copper Conductor/NA,32501.67803,0
Underground tunnel/DC/500MW/Underground Copper Conductor/LCC Converter,5130.466223,667.484126
Underground tunnel/DC/500MW/Underground Copper Conductor/VSC Converter,5130.466223,667.484126
Underground tunnel/DC/1500MW/Underground Copper Conductor/LCC Converter,17101.55408,2224.947087
Underground tunnel/DC/1500MW/Underground Copper Conductor/VSC Converter,17101.55408,2224.947087
Underground tunnel/DC/2000MW/Underground Copper Conductor/LCC Converter,17101.55408,2224.947087
Underground tunnel/DC/2000MW/Underground Copper Conductor/VSC Converter,17101.55408,2224.947087
Underground tunnel/DC/2400MW/Underground Copper Conductor/LCC Converter,26001.34242,4384.454553
Underground tunnel/DC/2400MW/Underground Copper Conductor/VSC Converter,26001.34242,4384.454553
Underground tunnel/DC/6000MW/Underground Copper Conductor/LCC Converter,26001.34242,4384.454553
Underground tunnel/DC/6000MW/Underground Copper Conductor/VSC Converter,26001.34242,4384.454553
Subsea/AC/140MW/Subsea Copper Conductor/NA,66283.7913,0
Subsea/AC/329MW/Subsea Copper Conductor/NA,66283.7913,0
Subsea/AC/394MW/Subsea Copper Conductor/NA,66283.7913,0
Subsea/AC/460MW/Subsea Copper Conductor/NA,118363.913,0
Subsea/AC/657MW/Subsea Copper Conductor/NA,217619.457,0
Subsea/AC/1792MW/Subsea Copper Conductor/NA,217619.457,0
Subsea/AC/2598MW/Subsea Copper Conductor/NA,217619.457,0
Subsea/AC/6625MW/Subsea Copper Conductor/NA,217619.457,0
Subsea/DC/500MW/Subsea Copper Conductor/LCC Converter,28407.33913,667.484126
Subsea/DC/500MW/Subsea Copper Conductor/VSC Converter,28407.33913,667.484126
Subsea/DC/1500MW/Subsea Copper Conductor/LCC Converter,94691.13042,2224.947087
Subsea/DC/1500MW/Subsea Copper Conductor/VSC Converter,94691.13042,2224.947087
Subsea/DC/2000MW/Subsea Copper Conductor/LCC Converter,94691.13042,2224.947087
Subsea/DC/2000MW/Subsea Copper Conductor/VSC Converter,94691.13042,2224.947087
Subsea/DC/2400MW/Subsea Copper Conductor/LCC Converter,145079.638,4384.454553
Subsea/DC/2400MW/Subsea Copper Conductor/VSC Converter,145079.638,4384.454553
Subsea/DC/6000MW/Subsea Copper Conductor/LCC Converter,145079.638,4384.454553
Subsea/DC/6000MW/Subsea Copper Conductor/VSC Converter,145079.638,4384.454553