parameter_name,parameter_value,bcr_system,bcr_capital,bcr_haircut,bcr_excluding_risk,bcr_excluding_emissions,bcr_excluding_emissions_and_risk
wildfire_ignition_rate_mult,0.29999999999999993,0.0051795510567337,0.6435704291873436,0.0041888639337752,0.0683609495098761,0.0055170258031143,0.3548123856272467
wildfire_ignition_rate_mult,0.3386513675054067,0.0050095974809261,0.6435704291873436,0.0040514171944113,0.0683609495098761,0.0053246153718622,0.3548123856272467
wildfire_ignition_rate_mult,0.3822824957109401,0.0048306699643565,0.6435704291873436,0.0039067129502194,0.0683609495098761,0.0051229303582177,0.3548123856272467
wildfire_ignition_rate_mult,0.4315349664862988,0.0046434522805428,0.6435704291873436,0.0037553041900967,0.0683609495098761,0.0049128662257261,0.3548123856272467
wildfire_ignition_rate_mult,0.4871330217566165,0.0044488195521917,0.6435704291873436,0.0035978986529774,0.0683609495098761,0.0046955216150132,0.3548123856272467
wildfire_ignition_rate_mult,0.5498942132497306,0.0042478299522949,0.6435704291873436,0.0034353521162506,0.068360949509876,0.0044721823809601,0.3548123856272436
wildfire_ignition_rate_mult,0.6207414243344368,0.0040417075210644,0.6435704291873436,0.0032686544992822,0.068360949509876,0.0042442959750796,0.3548123856272467
wildfire_ignition_rate_mult,0.7007164407270365,0.0038318162455552,0.6435704291873436,0.0030989089008,0.068360949509876,0.0040134369102686,0.3548123856272467
wildfire_ignition_rate_mult,0.7909952696191074,0.0036196262921817,0.6435704291873436,0.0029273042900799,0.068360949509876,0.0037812648542423,0.3548123856272467
wildfire_ignition_rate_mult,0.8929054324893952,0.0034066740097734,0.6435704291873436,0.0027550831601741,0.068360949509876,0.0035494776126259,0.3548123856272467
wildfire_ignition_rate_mult,1.0079454858851344,0.0031945179336129,0.6435704291873436,0.0025835059470092,0.068360949509876,0.0033197617801195,0.3548123856272467
wildfire_ignition_rate_mult,1.1378070572196748,0.002984693429333,0.6435704291873436,0.0024138143484955,0.068360949509876,0.0030937440798933,0.3548123856272467
wildfire_ignition_rate_mult,1.284399719615818,0.0027786687570037,0.6435704291873436,0.0022471957921892,0.068360949509876,0.0028729463396639,0.3548123856272467
wildfire_ignition_rate_mult,1.4498790715715255,0.0025778051880714,0.6435704291873436,0.0020847511806207,0.068360949509876,0.0026587466790273,0.3548123856272467
wildfire_ignition_rate_mult,1.6366784343505554,0.0023833233941268,0.6435704291873436,0.0019274677088473,0.068360949509876,0.0024523488643318,0.3548123856272467
wildfire_ignition_rate_mult,1.847544633198079,0.0021962777101654,0.6435704291873436,0.0017761980503514,0.0683609495098763,0.002254761016528,0.3548123856272531
wildfire_ignition_rate_mult,2.0855783885326815,0.0020175391461618,0.6435704291873436,0.0016316466179727,0.0683609495098763,0.0020667840411354,0.3548123856272531
wildfire_ignition_rate_mult,2.354279911054383,0.0018477872781412,0.6435704291873436,0.0014943630059659,0.0683609495098763,0.0018890093898108,0.3548123856272531
wildfire_ignition_rate_mult,2.6576003712302474,0.0016875104827881,0.6435704291873436,0.0013647421797356,0.0683609495098763,0.0017218251404128,0.3548123856272531
wildfire_ignition_rate_mult,3.0,0.0015370134540729,0.6435704291873436,0.0012430305547665,0.0683609495098763,0.0015654289457462,0.3548123856272531
congestion_binding_hours_mult,0.5,0.0020885246803946,0.4188077647447324,0.0016988410951259,0.0448019200367952,0.0021708030223403,0.2396582350719135
congestion_binding_hours_mult,0.5789473684210527,0.0022653833484512,0.4542966064988288,0.0018403265665445,0.0485439630914178,0.0023546242716865,0.2584180202753566
congestion_binding_hours_mult,0.6578947368421053,0.0024422235494856,0.4897854482529252,0.001981797264498,0.0522776422258739,0.0025384255709246,0.2769556672910438
congestion_binding_hours_mult,0.7368421052631579,0.0026190452863901,0.5252742900070219,0.0021232531913004,0.0560029854504243,0.0027222069233022,0.2952750984671818
congestion_binding_hours_mult,0.8157894736842105,0.0027958485620563,0.5607631317611184,0.0022646943492648,0.0597200206503968,0.0029059683320661,0.3133801443485101
congestion_binding_hours_mult,0.8947368421052632,0.0029726333793752,0.5962519735152148,0.0024061207407041,0.0634287755868815,0.0030897098004625,0.3312745463465104
congestion_binding_hours_mult,0.9736842105263157,0.0031493997412373,0.6317408152693113,0.0025475323679306,0.0671292778974222,0.003273431331737,0.3489619593169847
congestion_binding_hours_mult,1.0526315789473684,0.0033261476505325,0.667229657023408,0.0026889292332562,0.0708215550967018,0.0034571329291343,0.3664459540486647
congestion_binding_hours_mult,1.131578947368421,0.0035028771101499,0.702718498777504,0.0028303113389922,0.074505634577226,0.0036408145958985,0.3837300196665108
congestion_binding_hours_mult,1.2105263157894737,0.0036795881229781,0.7382073405316006,0.0029716786874496,0.0781815436099999,0.0038244763352729,0.4008175659529837
congestion_binding_hours_mult,1.2894736842105263,0.0038562806919053,0.7736961822856976,0.0031130312809386,0.0818493093452001,0.0040081181505003,0.4177119255905765
congestion_binding_hours_mult,1.3684210526315788,0.0040329548198188,0.8091850240397938,0.0032543691217692,0.0855089588128444,0.0041917400448226,0.43441635632878
congestion_binding_hours_mult,1.4473684210526314,0.0042096105096055,0.8446738657938906,0.0033956922122509,0.0891605189234553,0.0043753420214811,0.4509340430783045
congestion_binding_hours_mult,1.526315789473684,0.0043862477641515,0.8801627075479871,0.0035370005546926,0.0928040164687199,0.0045589240837163,0.4672680999354946
congestion_binding_hours_mult,1.6052631578947367,0.0045628665863426,0.915651549302083,0.0036782941514027,0.0964394781221437,0.0047424862347681,0.4834215721395575
congestion_binding_hours_mult,1.6842105263157894,0.0047394669790636,0.9511403910561804,0.0038195730046893,0.100066930439704,0.0049260284778756,0.4993974379653103
congestion_binding_hours_mult,1.763157894736842,0.004916048945199,0.9866292328102764,0.0039608371168599,0.1036863998604943,0.0051095508162773,0.5151986105537543
congestion_binding_hours_mult,1.8421052631578947,0.0050926124876327,1.0221180745643734,0.0041020864902214,0.1072979127073684,0.0052930532532109,0.5308279396829809
congestion_binding_hours_mult,1.9210526315789473,0.0052691576092478,1.0576069163184696,0.0042433211270805,0.1109014951875762,0.0054765357919135,0.5462882134815513
congestion_binding_hours_mult,2.0,0.005445684312927,1.0930957580725658,0.0043845410297432,0.1144971733934004,0.0056599984356215,0.5615821600866719
wacc_nominal_mult,0.7,0.0043065434256572,0.9706166471572124,0.0034828355271292,0.1114507921515316,0.0044400723831273,0.5026802966966868
wacc_nominal_mult,0.7368421052631579,0.0041568333661523,0.9178807069719718,0.0033617603486217,0.1044651903628099,0.0042904276340789,0.4803470058061199
wacc_nominal_mult,0.7736842105263158,0.0040109570580258,0.8693937710117237,0.0032437856440169,0.0980499519140711,0.0041442999912758,0.4593262015411181
wacc_nominal_mult,0.8105263157894737,0.0038691337529609,0.8247498542063979,0.0031290887289662,0.0921520471428472,0.0040019332417697,0.4395455639083937
wacc_nominal_mult,0.8473684210526315,0.0037315308929379,0.7835856399277863,0.0030178050190035,0.0867235685521352,0.003863520301589,0.4209339567566311
wacc_nominal_mult,0.8842105263157894,0.0035982680322886,0.7455757239832325,0.0029100312014329,0.0817212645000622,0.0037292065324812,0.4034220642267021
wacc_nominal_mult,0.9210526315789473,0.0034694211808066,0.710428407698041,0.0028058287477373,0.0771061043084977,0.0035990935675671,0.3869428742368251
wacc_nominal_mult,0.9578947368421051,0.0033450273712896,0.6778819758136767,0.0027052276074911,0.0728428757672342,0.0034732434514423,0.3714320310402791
wacc_nominal_mult,0.9947368421052631,0.0032250892849293,0.6477014023477712,0.0026082299490575,0.0688998149418018,0.0033516829257753,0.3568280774667018
wacc_nominal_mult,1.031578947368421,0.0031095797992163,0.6196754341787835,0.00251481383762,0.0652482674378595,0.0032344077193648,0.3430726056423481
wacc_nominal_mult,1.068421052631579,0.0029984463534173,0.5936140080030208,0.0024249367656799,0.0618623797626016,0.0031213867297778,0.3301103329761953
wacc_nominal_mult,1.1052631578947367,0.0028916150547546,0.5693459615338681,0.002338538973851,0.0587188190964213,0.0030125660104891,0.3178891181432561
wacc_nominal_mult,1.1421052631578945,0.0027889944732457,0.546717004438145,0.0022555465198647,0.0557965196001554,0.0029078725017823,0.3063599297931708
wacc_nominal_mult,1.1789473684210525,0.0026904790943016,0.5255879185944964,0.0021758740707931,0.0530764532983248,0.0028072174649156,0.2954767788296208
wacc_nominal_mult,1.2157894736842105,0.0025959524155133,0.505832960870832,0.002099427407517,0.0505414235683593,0.0027104995969291,0.2851966233822914
wacc_nominal_mult,1.2526315789473683,0.0025052896877519,0.4873384448046585,0.0020261056415381,0.0481758793078773,0.0026176078179718,0.2754792540485871
wacc_nominal_mult,1.289473684210526,0.0024183603110588,0.4700014803792076,0.0019558031526106,0.0459657479297642,0.0025284237343536,0.2662871656217946
wacc_nominal_mult,1.3263157894736841,0.0023350299032526,0.453728853562973,0.0018884112616875,0.0438982854353788,0.0024428237890012,0.2575854203425206
wacc_nominal_mult,1.3631578947368421,0.0022551620641531,0.4384360294590205,0.0018238196577033,0.0419619419301205,0.0023606811169935,0.2493415066989996
wacc_nominal_mult,1.4,0.0021786198612909,0.424046264828088,0.0017619175991139,0.0401462410658844,0.0022818671277743,0.2415251969462019
congestion_price_mult,0.7,0.0023303209078831,0.4673565002643363,0.001892274371079,0.0498539559222293,0.0024221122977683,0.2634410667686054
congestion_price_mult,0.7421052631578947,0.0024535695514042,0.4920882797623021,0.0019908725058023,0.0524609000051122,0.0025502129110614,0.2765115798588719
congestion_price_mult,0.7842105263157895,0.0025768113319076,0.5168200592602682,0.0020894651501549,0.0550647419888397,0.0026783061101975,0.2895003233176802
congestion_price_mult,0.8263157894736841,0.0027000462499665,0.5415518387582341,0.0021880523045954,0.0576654874070731,0.0028063918958204,0.3024080620832171
congestion_price_mult,0.8684210526315789,0.002823274306154,0.5662836182562001,0.0022866339695821,0.0602631417803202,0.0029344702685737,0.3152355515822084
congestion_price_mult,0.9105263157894736,0.0029464955010433,0.5910153977541657,0.0023852101455738,0.0628577106159736,0.0030625412291008,0.3279835378772957
congestion_price_mult,0.9526315789473684,0.0030697098352075,0.6157471772521319,0.0024837808330287,0.0654491994083507,0.0031906047780451,0.3406527578116825
congestion_price_mult,0.9947368421052631,0.0031929173092193,0.6404789567500976,0.0025823460324052,0.0680376136387315,0.0033186609160501,0.3532439391511048
congestion_price_mult,1.0368421052631578,0.0033161179236519,0.6652107362480638,0.0026809057441617,0.0706229587753978,0.003446709643759,0.3657578007231906
congestion_price_mult,1.0789473684210527,0.003439311679078,0.6899425157460296,0.0027794599687564,0.0732052402736715,0.003574750961815,0.3781950525542552
congestion_price_mult,1.1210526315789473,0.0035624985760704,0.7146742952439955,0.0028780087066476,0.0757844635759531,0.0037027848708612,0.3905563960035956
congestion_price_mult,1.163157894736842,0.0036856786152019,0.7394060747419617,0.0029765519582934,0.0783606341117597,0.0038308113715408,0.4028425238953311
congestion_price_mult,1.2052631578947368,0.003808851797045,0.7641378542399275,0.003075089724152,0.0809337572977635,0.0039588304644966,0.415054120647845
congestion_price_mult,1.2473684210526317,0.0039320181221724,0.7888696337378934,0.0031736220046813,0.0835038385378292,0.0040868421503716,0.4271918624008792
congestion_price_mult,1.289473684210526,0.0040551775911565,0.8136014132358593,0.0032721488003395,0.0860708832230525,0.0042148464298086,0.4392564171403275
congestion_price_mult,1.331578947368421,0.00417833020457,0.838333192733825,0.0033706701115846,0.0886348967317973,0.0043428433034503,0.4512484448207799
congestion_price_mult,1.3736842105263158,0.0043014759629851,0.8630649722317905,0.0034691859388743,0.0911958844297332,0.0044708327719396,0.4631685974858632
congestion_price_mult,1.4157894736842105,0.0044246148669741,0.887796751729757,0.0035676962826666,0.0937538516698735,0.0045988148359189,0.4750175193864243
congestion_price_mult,1.4578947368421051,0.0045477469171095,0.912528531227723,0.0036662011434192,0.096308803792612,0.0047267894960308,0.4867958470965989
congestion_price_mult,1.5,0.0046708721139633,0.9372603107256888,0.0037647005215901,0.0988607461257601,0.0048547567529177,0.4985042096278162
congestion_average_exceedance_mult,0.5,0.0020885246803946,0.4188077647447324,0.0016988410951259,0.0448019200367952,0.0021708030223403,0.2396582350719135
congestion_average_exceedance_mult,0.5789473684210527,0.0022653833484512,0.4542966064988288,0.0018403265665445,0.0485439630914178,0.0023546242716865,0.2584180202753566
congestion_average_exceedance_mult,0.6578947368421053,0.0024422235494856,0.4897854482529252,0.001981797264498,0.0522776422258739,0.0025384255709246,0.2769556672910438
congestion_average_exceedance_mult,0.7368421052631579,0.0026190452863901,0.5252742900070219,0.0021232531913004,0.0560029854504243,0.0027222069233022,0.2952750984671818
congestion_average_exceedance_mult,0.8157894736842105,0.0027958485620563,0.5607631317611181,0.0022646943492648,0.0597200206503968,0.0029059683320661,0.3133801443485099
congestion_average_exceedance_mult,0.8947368421052632,0.0029726333793752,0.5962519735152148,0.0024061207407041,0.0634287755868815,0.0030897098004625,0.3312745463465104
congestion_average_exceedance_mult,0.9736842105263157,0.0031493997412373,0.6317408152693113,0.0025475323679306,0.0671292778974222,0.003273431331737,0.3489619593169847
congestion_average_exceedance_mult,1.0526315789473684,0.0033261476505325,0.667229657023408,0.0026889292332562,0.0708215550967018,0.0034571329291343,0.3664459540486647
congestion_average_exceedance_mult,1.131578947368421,0.0035028771101499,0.702718498777504,0.0028303113389922,0.074505634577226,0.0036408145958985,0.3837300196665108
congestion_average_exceedance_mult,1.2105263157894737,0.0036795881229781,0.7382073405316006,0.0029716786874496,0.0781815436099999,0.0038244763352729,0.4008175659529837
congestion_average_exceedance_mult,1.2894736842105263,0.0038562806919053,0.7736961822856976,0.0031130312809386,0.0818493093452001,0.0040081181505003,0.4177119255905765
congestion_average_exceedance_mult,1.3684210526315788,0.0040329548198188,0.8091850240397938,0.0032543691217692,0.0855089588128444,0.0041917400448226,0.43441635632878
congestion_average_exceedance_mult,1.4473684210526314,0.0042054662777033,0.8438457928196281,0.0033923767111613,0.0890653256915249,0.0043710339218318,0.4502929098279908
congestion_average_exceedance_mult,1.526315789473684,0.0043376971885155,0.8704624241352003,0.003498158740591,0.0916874449447575,0.0045084536059494,0.4597507236099588
congestion_average_exceedance_mult,1.6052631578947367,0.0044699026108337,0.8970790554507732,0.0036039203797458,0.0942989013750039,0.0046458457587581,0.4690172472016084
congestion_average_exceedance_mult,1.6842105263157894,0.0046020825520266,0.9236956867663452,0.0037096616345205,0.0968997598906918,0.0047832103885305,0.478098225946709
congestion_average_exceedance_mult,1.763157894736842,0.0047342370194606,0.9503123180819172,0.003815382510808,0.0994900848744871,0.0049205475035363,0.4869991773900524
congestion_average_exceedance_mult,1.8421052631578947,0.0048628132235464,0.9762191725624082,0.003918240677975,0.1019882191920718,0.005054163809668,0.4951868903190082
congestion_average_exceedance_mult,1.9210526315789473,0.0048617002091909,0.9762191725624082,0.003917343860038,0.1015008649467249,0.005052961489025,0.4839057012175056
congestion_average_exceedance_mult,2.0,0.0048605877042184,0.9762191725624082,0.0039164474525395,0.101018146228704,0.0050517597402792,0.4731270718338414
congestion_binding_hours_mult,0.5,0.0020885246803946,0.4188077647447324,0.0016988410951259,0.0448019200367952,0.0021708030223403,0.2396582350719135
congestion_binding_hours_mult,0.5789473684210527,0.0022653833484512,0.4542966064988288,0.0018403265665445,0.0485439630914178,0.0023546242716865,0.2584180202753566
congestion_binding_hours_mult,0.6578947368421053,0.0024422235494856,0.4897854482529252,0.001981797264498,0.0522776422258739,0.0025384255709246,0.2769556672910438
congestion_binding_hours_mult,0.7368421052631579,0.0026190452863901,0.5252742900070219,0.0021232531913004,0.0560029854504243,0.0027222069233022,0.2952750984671818
congestion_binding_hours_mult,0.8157894736842105,0.0027958485620563,0.5607631317611184,0.0022646943492648,0.0597200206503968,0.0029059683320661,0.3133801443485101
congestion_binding_hours_mult,0.8947368421052632,0.0029726333793752,0.5962519735152148,0.0024061207407041,0.0634287755868815,0.0030897098004625,0.3312745463465104
congestion_binding_hours_mult,0.9736842105263157,0.0031493997412373,0.6317408152693113,0.0025475323679306,0.0671292778974222,0.003273431331737,0.3489619593169847
congestion_binding_hours_mult,1.0526315789473684,0.0033261476505325,0.667229657023408,0.0026889292332562,0.0708215550967018,0.0034571329291343,0.3664459540486647
congestion_binding_hours_mult,1.131578947368421,0.0035028771101499,0.702718498777504,0.0028303113389922,0.074505634577226,0.0036408145958985,0.3837300196665108
congestion_binding_hours_mult,1.2105263157894737,0.0036795881229781,0.7382073405316006,0.0029716786874496,0.0781815436099999,0.0038244763352729,0.4008175659529837
congestion_binding_hours_mult,1.2894736842105263,0.0038562806919053,0.7736961822856976,0.0031130312809386,0.0818493093452001,0.0040081181505003,0.4177119255905765
congestion_binding_hours_mult,1.3684210526315788,0.0040329548198188,0.8091850240397938,0.0032543691217692,0.0855089588128444,0.0041917400448226,0.43441635632878
congestion_binding_hours_mult,1.4473684210526314,0.0042096105096055,0.8446738657938906,0.0033956922122509,0.0891605189234553,0.0043753420214811,0.4509340430783045
congestion_binding_hours_mult,1.526315789473684,0.0043862477641515,0.8801627075479871,0.0035370005546926,0.0928040164687199,0.0045589240837163,0.4672680999354946
congestion_binding_hours_mult,1.6052631578947367,0.0045628665863426,0.915651549302083,0.0036782941514027,0.0964394781221437,0.0047424862347681,0.4834215721395575
congestion_binding_hours_mult,1.6842105263157894,0.0047394669790636,0.9511403910561804,0.0038195730046893,0.100066930439704,0.0049260284778756,0.4993974379653103
congestion_binding_hours_mult,1.763157894736842,0.004916048945199,0.9866292328102764,0.0039608371168599,0.1036863998604943,0.0051095508162773,0.5151986105537543
congestion_binding_hours_mult,1.8421052631578947,0.0050926124876327,1.0221180745643734,0.0041020864902214,0.1072979127073684,0.0052930532532109,0.5308279396829809
congestion_binding_hours_mult,1.9210526315789473,0.0052691576092478,1.0576069163184696,0.0042433211270805,0.1109014951875762,0.0054765357919135,0.5462882134815513
congestion_binding_hours_mult,2.0,0.005445684312927,1.0930957580725658,0.0043845410297432,0.1144971733934004,0.0056599984356215,0.5615821600866719
wacc_nominal_mult,0.7,0.0043065434256572,0.9706166471572124,0.0034828355271292,0.1114507921515316,0.0044400723831273,0.5026802966966868
wacc_nominal_mult,0.7368421052631579,0.0041568333661523,0.9178807069719718,0.0033617603486217,0.1044651903628099,0.0042904276340789,0.4803470058061199
wacc_nominal_mult,0.7736842105263158,0.0040109570580258,0.8693937710117237,0.0032437856440169,0.0980499519140711,0.0041442999912758,0.4593262015411181
wacc_nominal_mult,0.8105263157894737,0.0038691337529609,0.8247498542063979,0.0031290887289662,0.0921520471428472,0.0040019332417697,0.4395455639083937
wacc_nominal_mult,0.8473684210526315,0.0037315308929379,0.7835856399277863,0.0030178050190035,0.0867235685521352,0.003863520301589,0.4209339567566311
wacc_nominal_mult,0.8842105263157894,0.0035982680322886,0.7455757239832325,0.0029100312014329,0.0817212645000622,0.0037292065324812,0.4034220642267021
wacc_nominal_mult,0.9210526315789473,0.0034694211808066,0.710428407698041,0.0028058287477373,0.0771061043084977,0.0035990935675671,0.3869428742368251
wacc_nominal_mult,0.9578947368421051,0.0033450273712896,0.6778819758136767,0.0027052276074911,0.0728428757672342,0.0034732434514423,0.3714320310402791
wacc_nominal_mult,0.9947368421052631,0.0032250892849293,0.6477014023477712,0.0026082299490575,0.0688998149418018,0.0033516829257753,0.3568280774667018
wacc_nominal_mult,1.031578947368421,0.0031095797992163,0.6196754341787835,0.00251481383762,0.0652482674378595,0.0032344077193648,0.3430726056423481
wacc_nominal_mult,1.068421052631579,0.0029984463534173,0.5936140080030208,0.0024249367656799,0.0618623797626016,0.0031213867297778,0.3301103329761953
wacc_nominal_mult,1.1052631578947367,0.0028916150547546,0.5693459615338681,0.002338538973851,0.0587188190964213,0.0030125660104891,0.3178891181432561
wacc_nominal_mult,1.1421052631578945,0.0027889944732457,0.546717004438145,0.0022555465198647,0.0557965196001554,0.0029078725017823,0.3063599297931708
wacc_nominal_mult,1.1789473684210525,0.0026904790943016,0.5255879185944964,0.0021758740707931,0.0530764532983248,0.0028072174649156,0.2954767788296208
wacc_nominal_mult,1.2157894736842105,0.0025959524155133,0.505832960870832,0.002099427407517,0.0505414235683593,0.0027104995969291,0.2851966233822914
wacc_nominal_mult,1.2526315789473683,0.0025052896877519,0.4873384448046585,0.0020261056415381,0.0481758793078773,0.0026176078179718,0.2754792540485871
wacc_nominal_mult,1.289473684210526,0.0024183603110588,0.4700014803792076,0.0019558031526106,0.0459657479297642,0.0025284237343536,0.2662871656217946
wacc_nominal_mult,1.3263157894736841,0.0023350299032526,0.453728853562973,0.0018884112616875,0.0438982854353788,0.0024428237890012,0.2575854203425206
wacc_nominal_mult,1.3631578947368421,0.0022551620641531,0.4384360294590205,0.0018238196577033,0.0419619419301205,0.0023606811169935,0.2493415066989996
wacc_nominal_mult,1.4,0.0021786198612909,0.424046264828088,0.0017619175991139,0.0401462410658844,0.0022818671277743,0.2415251969462019
congestion_price_mult,0.7,0.0023303209078831,0.4673565002643363,0.001892274371079,0.0498539559222293,0.0024221122977683,0.2634410667686054
congestion_price_mult,0.7421052631578947,0.0024535695514042,0.4920882797623021,0.0019908725058023,0.0524609000051122,0.0025502129110614,0.2765115798588719
congestion_price_mult,0.7842105263157895,0.0025768113319076,0.5168200592602682,0.0020894651501549,0.0550647419888397,0.0026783061101975,0.2895003233176802
congestion_price_mult,0.8263157894736841,0.0027000462499665,0.5415518387582341,0.0021880523045954,0.0576654874070731,0.0028063918958204,0.3024080620832171
congestion_price_mult,0.8684210526315789,0.002823274306154,0.5662836182562001,0.0022866339695821,0.0602631417803202,0.0029344702685737,0.3152355515822084
congestion_price_mult,0.9105263157894736,0.0029464955010433,0.5910153977541657,0.0023852101455738,0.0628577106159736,0.0030625412291008,0.3279835378772957
congestion_price_mult,0.9526315789473684,0.0030697098352075,0.6157471772521319,0.0024837808330287,0.0654491994083507,0.0031906047780451,0.3406527578116825
congestion_price_mult,0.9947368421052631,0.0031929173092193,0.6404789567500976,0.0025823460324052,0.0680376136387315,0.0033186609160501,0.3532439391511048
congestion_price_mult,1.0368421052631578,0.0033161179236519,0.6652107362480638,0.0026809057441617,0.0706229587753978,0.003446709643759,0.3657578007231906
congestion_price_mult,1.0789473684210527,0.003439311679078,0.6899425157460296,0.0027794599687564,0.0732052402736715,0.003574750961815,0.3781950525542552
congestion_price_mult,1.1210526315789473,0.0035624985760704,0.7146742952439955,0.0028780087066476,0.0757844635759531,0.0037027848708612,0.3905563960035956
congestion_price_mult,1.163157894736842,0.0036856786152019,0.7394060747419617,0.0029765519582934,0.0783606341117597,0.0038308113715408,0.4028425238953311
congestion_price_mult,1.2052631578947368,0.003808851797045,0.7641378542399275,0.003075089724152,0.0809337572977635,0.0039588304644966,0.415054120647845
congestion_price_mult,1.2473684210526317,0.0039320181221724,0.7888696337378934,0.0031736220046813,0.0835038385378292,0.0040868421503716,0.4271918624008792
congestion_price_mult,1.289473684210526,0.0040551775911565,0.8136014132358593,0.0032721488003395,0.0860708832230525,0.0042148464298086,0.4392564171403275
congestion_price_mult,1.331578947368421,0.00417833020457,0.838333192733825,0.0033706701115846,0.0886348967317973,0.0043428433034503,0.4512484448207799
congestion_price_mult,1.3736842105263158,0.0043014759629851,0.8630649722317905,0.0034691859388743,0.0911958844297332,0.0044708327719396,0.4631685974858632
congestion_price_mult,1.4157894736842105,0.0044246148669741,0.887796751729757,0.0035676962826666,0.0937538516698735,0.0045988148359189,0.4750175193864243
congestion_price_mult,1.4578947368421051,0.0045477469171095,0.912528531227723,0.0036662011434192,0.096308803792612,0.0047267894960308,0.4867958470965989
congestion_price_mult,1.5,0.0046708721139633,0.9372603107256888,0.0037647005215901,0.0988607461257601,0.0048547567529177,0.4985042096278162
congestion_average_exceedance_mult,0.5,0.0020885246803946,0.4188077647447324,0.0016988410951259,0.0448019200367952,0.0021708030223403,0.2396582350719135
congestion_average_exceedance_mult,0.5789473684210527,0.0022653833484512,0.4542966064988288,0.0018403265665445,0.0485439630914178,0.0023546242716865,0.2584180202753566
congestion_average_exceedance_mult,0.6578947368421053,0.0024422235494856,0.4897854482529252,0.001981797264498,0.0522776422258739,0.0025384255709246,0.2769556672910438
congestion_average_exceedance_mult,0.7368421052631579,0.0026190452863901,0.5252742900070219,0.0021232531913004,0.0560029854504243,0.0027222069233022,0.2952750984671818
congestion_average_exceedance_mult,0.8157894736842105,0.0027958485620563,0.5607631317611181,0.0022646943492648,0.0597200206503968,0.0029059683320661,0.3133801443485099
congestion_average_exceedance_mult,0.8947368421052632,0.0029726333793752,0.5962519735152148,0.0024061207407041,0.0634287755868815,0.0030897098004625,0.3312745463465104
congestion_average_exceedance_mult,0.9736842105263157,0.0031493997412373,0.6317408152693113,0.0025475323679306,0.0671292778974222,0.003273431331737,0.3489619593169847
congestion_average_exceedance_mult,1.0526315789473684,0.0033261476505325,0.667229657023408,0.0026889292332562,0.0708215550967018,0.0034571329291343,0.3664459540486647
congestion_average_exceedance_mult,1.131578947368421,0.0035028771101499,0.702718498777504,0.0028303113389922,0.074505634577226,0.0036408145958985,0.3837300196665108
congestion_average_exceedance_mult,1.2105263157894737,0.0036795881229781,0.7382073405316006,0.0029716786874496,0.0781815436099999,0.0038244763352729,0.4008175659529837
congestion_average_exceedance_mult,1.2894736842105263,0.0038562806919053,0.7736961822856976,0.0031130312809386,0.0818493093452001,0.0040081181505003,0.4177119255905765
congestion_average_exceedance_mult,1.3684210526315788,0.0040329548198188,0.8091850240397938,0.0032543691217692,0.0855089588128444,0.0041917400448226,0.43441635632878
congestion_average_exceedance_mult,1.4473684210526314,0.0042054662777033,0.8438457928196281,0.0033923767111613,0.0890653256915249,0.0043710339218318,0.4502929098279908
congestion_average_exceedance_mult,1.526315789473684,0.0043376971885155,0.8704624241352003,0.003498158740591,0.0916874449447575,0.0045084536059494,0.4597507236099588
congestion_average_exceedance_mult,1.6052631578947367,0.0044699026108337,0.8970790554507732,0.0036039203797458,0.0942989013750039,0.0046458457587581,0.4690172472016084
congestion_average_exceedance_mult,1.6842105263157894,0.0046020825520266,0.9236956867663452,0.0037096616345205,0.0968997598906918,0.0047832103885305,0.478098225946709
congestion_average_exceedance_mult,1.763157894736842,0.0047342370194606,0.9503123180819172,0.003815382510808,0.0994900848744871,0.0049205475035363,0.4869991773900524
congestion_average_exceedance_mult,1.8421052631578947,0.0048628132235464,0.9762191725624082,0.003918240677975,0.1019882191920718,0.005054163809668,0.4951868903190082
congestion_average_exceedance_mult,1.9210526315789473,0.0048617002091909,0.9762191725624082,0.003917343860038,0.1015008649467249,0.005052961489025,0.4839057012175056
congestion_average_exceedance_mult,2.0,0.0048605877042184,0.9762191725624082,0.0039164474525395,0.101018146228704,0.0050517597402792,0.4731270718338414
wildfire_ignition_rate_mult,0.29999999999999993,0.0051795510567337,0.6435704291873436,0.0041888639337752,0.0683609495098761,0.0055170258031143,0.3548123856272467
wildfire_ignition_rate_mult,0.3386513675054067,0.0050095974809261,0.6435704291873436,0.0040514171944113,0.0683609495098761,0.0053246153718622,0.3548123856272467
wildfire_ignition_rate_mult,0.3822824957109401,0.0048306699643565,0.6435704291873436,0.0039067129502194,0.0683609495098761,0.0051229303582177,0.3548123856272467
wildfire_ignition_rate_mult,0.4315349664862988,0.0046434522805428,0.6435704291873436,0.0037553041900967,0.0683609495098761,0.0049128662257261,0.3548123856272467
wildfire_ignition_rate_mult,0.4871330217566165,0.0044488195521917,0.6435704291873436,0.0035978986529774,0.0683609495098761,0.0046955216150132,0.3548123856272467
wildfire_ignition_rate_mult,0.5498942132497306,0.0042478299522949,0.6435704291873436,0.0034353521162506,0.068360949509876,0.0044721823809601,0.3548123856272436
wildfire_ignition_rate_mult,0.6207414243344368,0.0040417075210644,0.6435704291873436,0.0032686544992822,0.068360949509876,0.0042442959750796,0.3548123856272467
wildfire_ignition_rate_mult,0.7007164407270365,0.0038318162455552,0.6435704291873436,0.0030989089008,0.068360949509876,0.0040134369102686,0.3548123856272467
wildfire_ignition_rate_mult,0.7909952696191074,0.0036196262921817,0.6435704291873436,0.0029273042900799,0.068360949509876,0.0037812648542423,0.3548123856272467
wildfire_ignition_rate_mult,0.8929054324893952,0.0034066740097734,0.6435704291873436,0.0027550831601741,0.068360949509876,0.0035494776126259,0.3548123856272467
wildfire_ignition_rate_mult,1.0079454858851344,0.0031945179336129,0.6435704291873436,0.0025835059470092,0.068360949509876,0.0033197617801195,0.3548123856272467
wildfire_ignition_rate_mult,1.1378070572196748,0.002984693429333,0.6435704291873436,0.0024138143484955,0.068360949509876,0.0030937440798933,0.3548123856272467
wildfire_ignition_rate_mult,1.284399719615818,0.0027786687570037,0.6435704291873436,0.0022471957921892,0.068360949509876,0.0028729463396639,0.3548123856272467
wildfire_ignition_rate_mult,1.4498790715715255,0.0025778051880714,0.6435704291873436,0.0020847511806207,0.068360949509876,0.0026587466790273,0.3548123856272467
wildfire_ignition_rate_mult,1.6366784343505554,0.0023833233941268,0.6435704291873436,0.0019274677088473,0.068360949509876,0.0024523488643318,0.3548123856272467
wildfire_ignition_rate_mult,1.847544633198079,0.0021962777101654,0.6435704291873436,0.0017761980503514,0.0683609495098763,0.002254761016528,0.3548123856272531
wildfire_ignition_rate_mult,2.0855783885326815,0.0020175391461618,0.6435704291873436,0.0016316466179727,0.0683609495098763,0.0020667840411354,0.3548123856272531
wildfire_ignition_rate_mult,2.354279911054383,0.0018477872781412,0.6435704291873436,0.0014943630059659,0.0683609495098763,0.0018890093898108,0.3548123856272531
wildfire_ignition_rate_mult,2.6576003712302474,0.0016875104827881,0.6435704291873436,0.0013647421797356,0.0683609495098763,0.0017218251404128,0.3548123856272531
wildfire_ignition_rate_mult,3.0,0.0015370134540729,0.6435704291873436,0.0012430305547665,0.0683609495098763,0.0015654289457462,0.3548123856272531
congestion_binding_hours_mult,0.5,0.0020885246803946,0.4188077647447324,0.0016988410951259,0.0448019200367952,0.0021708030223403,0.2396582350719135
congestion_binding_hours_mult,0.5789473684210527,0.0022653833484512,0.4542966064988288,0.0018403265665445,0.0485439630914178,0.0023546242716865,0.2584180202753566
congestion_binding_hours_mult,0.6578947368421053,0.0024422235494856,0.4897854482529252,0.001981797264498,0.0522776422258739,0.0025384255709246,0.2769556672910438
congestion_binding_hours_mult,0.7368421052631579,0.0026190452863901,0.5252742900070219,0.0021232531913004,0.0560029854504243,0.0027222069233022,0.2952750984671818
congestion_binding_hours_mult,0.8157894736842105,0.0027958485620563,0.5607631317611184,0.0022646943492648,0.0597200206503968,0.0029059683320661,0.3133801443485101
congestion_binding_hours_mult,0.8947368421052632,0.0029726333793752,0.5962519735152148,0.0024061207407041,0.0634287755868815,0.0030897098004625,0.3312745463465104
congestion_binding_hours_mult,0.9736842105263157,0.0031493997412373,0.6317408152693113,0.0025475323679306,0.0671292778974222,0.003273431331737,0.3489619593169847
congestion_binding_hours_mult,1.0526315789473684,0.0033261476505325,0.667229657023408,0.0026889292332562,0.0708215550967018,0.0034571329291343,0.3664459540486647
congestion_binding_hours_mult,1.131578947368421,0.0035028771101499,0.702718498777504,0.0028303113389922,0.074505634577226,0.0036408145958985,0.3837300196665108
congestion_binding_hours_mult,1.2105263157894737,0.0036795881229781,0.7382073405316006,0.0029716786874496,0.0781815436099999,0.0038244763352729,0.4008175659529837
congestion_binding_hours_mult,1.2894736842105263,0.0038562806919053,0.7736961822856976,0.0031130312809386,0.0818493093452001,0.0040081181505003,0.4177119255905765
congestion_binding_hours_mult,1.3684210526315788,0.0040329548198188,0.8091850240397938,0.0032543691217692,0.0855089588128444,0.0041917400448226,0.43441635632878
congestion_binding_hours_mult,1.4473684210526314,0.0042096105096055,0.8446738657938906,0.0033956922122509,0.0891605189234553,0.0043753420214811,0.4509340430783045
congestion_binding_hours_mult,1.526315789473684,0.0043862477641515,0.8801627075479871,0.0035370005546926,0.0928040164687199,0.0045589240837163,0.4672680999354946
congestion_binding_hours_mult,1.6052631578947367,0.0045628665863426,0.915651549302083,0.0036782941514027,0.0964394781221437,0.0047424862347681,0.4834215721395575
congestion_binding_hours_mult,1.6842105263157894,0.0047394669790636,0.9511403910561804,0.0038195730046893,0.100066930439704,0.0049260284778756,0.4993974379653103
congestion_binding_hours_mult,1.763157894736842,0.004916048945199,0.9866292328102764,0.0039608371168599,0.1036863998604943,0.0051095508162773,0.5151986105537543
congestion_binding_hours_mult,1.8421052631578947,0.0050926124876327,1.0221180745643734,0.0041020864902214,0.1072979127073684,0.0052930532532109,0.5308279396829809
congestion_binding_hours_mult,1.9210526315789473,0.0052691576092478,1.0576069163184696,0.0042433211270805,0.1109014951875762,0.0054765357919135,0.5462882134815513
congestion_binding_hours_mult,2.0,0.005445684312927,1.0930957580725658,0.0043845410297432,0.1144971733934004,0.0056599984356215,0.5615821600866719
wacc_nominal_mult,0.7,0.0043065434256572,0.9706166471572124,0.0034828355271292,0.1114507921515316,0.0044400723831273,0.5026802966966868
wacc_nominal_mult,0.7368421052631579,0.0041568333661523,0.9178807069719718,0.0033617603486217,0.1044651903628099,0.0042904276340789,0.4803470058061199
wacc_nominal_mult,0.7736842105263158,0.0040109570580258,0.8693937710117237,0.0032437856440169,0.0980499519140711,0.0041442999912758,0.4593262015411181
wacc_nominal_mult,0.8105263157894737,0.0038691337529609,0.8247498542063979,0.0031290887289662,0.0921520471428472,0.0040019332417697,0.4395455639083937
wacc_nominal_mult,0.8473684210526315,0.0037315308929379,0.7835856399277863,0.0030178050190035,0.0867235685521352,0.003863520301589,0.4209339567566311
wacc_nominal_mult,0.8842105263157894,0.0035982680322886,0.7455757239832325,0.0029100312014329,0.0817212645000622,0.0037292065324812,0.4034220642267021
wacc_nominal_mult,0.9210526315789473,0.0034694211808066,0.710428407698041,0.0028058287477373,0.0771061043084977,0.0035990935675671,0.3869428742368251
wacc_nominal_mult,0.9578947368421051,0.0033450273712896,0.6778819758136767,0.0027052276074911,0.0728428757672342,0.0034732434514423,0.3714320310402791
wacc_nominal_mult,0.9947368421052631,0.0032250892849293,0.6477014023477712,0.0026082299490575,0.0688998149418018,0.0033516829257753,0.3568280774667018
wacc_nominal_mult,1.031578947368421,0.0031095797992163,0.6196754341787835,0.00251481383762,0.0652482674378595,0.0032344077193648,0.3430726056423481
wacc_nominal_mult,1.068421052631579,0.0029984463534173,0.5936140080030208,0.0024249367656799,0.0618623797626016,0.0031213867297778,0.3301103329761953
wacc_nominal_mult,1.1052631578947367,0.0028916150547546,0.5693459615338681,0.002338538973851,0.0587188190964213,0.0030125660104891,0.3178891181432561
wacc_nominal_mult,1.1421052631578945,0.0027889944732457,0.546717004438145,0.0022555465198647,0.0557965196001554,0.0029078725017823,0.3063599297931708
wacc_nominal_mult,1.1789473684210525,0.0026904790943016,0.5255879185944964,0.0021758740707931,0.0530764532983248,0.0028072174649156,0.2954767788296208
wacc_nominal_mult,1.2157894736842105,0.0025959524155133,0.505832960870832,0.002099427407517,0.0505414235683593,0.0027104995969291,0.2851966233822914
wacc_nominal_mult,1.2526315789473683,0.0025052896877519,0.4873384448046585,0.0020261056415381,0.0481758793078773,0.0026176078179718,0.2754792540485871
wacc_nominal_mult,1.289473684210526,0.0024183603110588,0.4700014803792076,0.0019558031526106,0.0459657479297642,0.0025284237343536,0.2662871656217946
wacc_nominal_mult,1.3263157894736841,0.0023350299032526,0.453728853562973,0.0018884112616875,0.0438982854353788,0.0024428237890012,0.2575854203425206
wacc_nominal_mult,1.3631578947368421,0.0022551620641531,0.4384360294590205,0.0018238196577033,0.0419619419301205,0.0023606811169935,0.2493415066989996
wacc_nominal_mult,1.4,0.0021786198612909,0.424046264828088,0.0017619175991139,0.0401462410658844,0.0022818671277743,0.2415251969462019
congestion_price_mult,0.7,0.0023303209078831,0.4673565002643363,0.001892274371079,0.0498539559222293,0.0024221122977683,0.2634410667686054
congestion_price_mult,0.7421052631578947,0.0024535695514042,0.4920882797623021,0.0019908725058023,0.0524609000051122,0.0025502129110614,0.2765115798588719
congestion_price_mult,0.7842105263157895,0.0025768113319076,0.5168200592602682,0.0020894651501549,0.0550647419888397,0.0026783061101975,0.2895003233176802
congestion_price_mult,0.8263157894736841,0.0027000462499665,0.5415518387582341,0.0021880523045954,0.0576654874070731,0.0028063918958204,0.3024080620832171
congestion_price_mult,0.8684210526315789,0.002823274306154,0.5662836182562001,0.0022866339695821,0.0602631417803202,0.0029344702685737,0.3152355515822084
congestion_price_mult,0.9105263157894736,0.0029464955010433,0.5910153977541657,0.0023852101455738,0.0628577106159736,0.0030625412291008,0.3279835378772957
congestion_price_mult,0.9526315789473684,0.0030697098352075,0.6157471772521319,0.0024837808330287,0.0654491994083507,0.0031906047780451,0.3406527578116825
congestion_price_mult,0.9947368421052631,0.0031929173092193,0.6404789567500976,0.0025823460324052,0.0680376136387315,0.0033186609160501,0.3532439391511048
congestion_price_mult,1.0368421052631578,0.0033161179236519,0.6652107362480638,0.0026809057441617,0.0706229587753978,0.003446709643759,0.3657578007231906
congestion_price_mult,1.0789473684210527,0.003439311679078,0.6899425157460296,0.0027794599687564,0.0732052402736715,0.003574750961815,0.3781950525542552
congestion_price_mult,1.1210526315789473,0.0035624985760704,0.7146742952439955,0.0028780087066476,0.0757844635759531,0.0037027848708612,0.3905563960035956
congestion_price_mult,1.163157894736842,0.0036856786152019,0.7394060747419617,0.0029765519582934,0.0783606341117597,0.0038308113715408,0.4028425238953311
congestion_price_mult,1.2052631578947368,0.003808851797045,0.7641378542399275,0.003075089724152,0.0809337572977635,0.0039588304644966,0.415054120647845
congestion_price_mult,1.2473684210526317,0.0039320181221724,0.7888696337378934,0.0031736220046813,0.0835038385378292,0.0040868421503716,0.4271918624008792
congestion_price_mult,1.289473684210526,0.0040551775911565,0.8136014132358593,0.0032721488003395,0.0860708832230525,0.0042148464298086,0.4392564171403275
congestion_price_mult,1.331578947368421,0.00417833020457,0.838333192733825,0.0033706701115846,0.0886348967317973,0.0043428433034503,0.4512484448207799
congestion_price_mult,1.3736842105263158,0.0043014759629851,0.8630649722317905,0.0034691859388743,0.0911958844297332,0.0044708327719396,0.4631685974858632
congestion_price_mult,1.4157894736842105,0.0044246148669741,0.887796751729757,0.0035676962826666,0.0937538516698735,0.0045988148359189,0.4750175193864243
congestion_price_mult,1.4578947368421051,0.0045477469171095,0.912528531227723,0.0036662011434192,0.096308803792612,0.0047267894960308,0.4867958470965989
congestion_price_mult,1.5,0.0046708721139633,0.9372603107256888,0.0037647005215901,0.0988607461257601,0.0048547567529177,0.4985042096278162
congestion_average_exceedance_mult,0.5,0.0020885246803946,0.4188077647447324,0.0016988410951259,0.0448019200367952,0.0021708030223403,0.2396582350719135
congestion_average_exceedance_mult,0.5789473684210527,0.0022653833484512,0.4542966064988288,0.0018403265665445,0.0485439630914178,0.0023546242716865,0.2584180202753566
congestion_average_exceedance_mult,0.6578947368421053,0.0024422235494856,0.4897854482529252,0.001981797264498,0.0522776422258739,0.0025384255709246,0.2769556672910438
congestion_average_exceedance_mult,0.7368421052631579,0.0026190452863901,0.5252742900070219,0.0021232531913004,0.0560029854504243,0.0027222069233022,0.2952750984671818
congestion_average_exceedance_mult,0.8157894736842105,0.0027958485620563,0.5607631317611181,0.0022646943492648,0.0597200206503968,0.0029059683320661,0.3133801443485099
congestion_average_exceedance_mult,0.8947368421052632,0.0029726333793752,0.5962519735152148,0.0024061207407041,0.0634287755868815,0.0030897098004625,0.3312745463465104
congestion_average_exceedance_mult,0.9736842105263157,0.0031493997412373,0.6317408152693113,0.0025475323679306,0.0671292778974222,0.003273431331737,0.3489619593169847
congestion_average_exceedance_mult,1.0526315789473684,0.0033261476505325,0.667229657023408,0.0026889292332562,0.0708215550967018,0.0034571329291343,0.3664459540486647
congestion_average_exceedance_mult,1.131578947368421,0.0035028771101499,0.702718498777504,0.0028303113389922,0.074505634577226,0.0036408145958985,0.3837300196665108
congestion_average_exceedance_mult,1.2105263157894737,0.0036795881229781,0.7382073405316006,0.0029716786874496,0.0781815436099999,0.0038244763352729,0.4008175659529837
congestion_average_exceedance_mult,1.2894736842105263,0.0038562806919053,0.7736961822856976,0.0031130312809386,0.0818493093452001,0.0040081181505003,0.4177119255905765
congestion_average_exceedance_mult,1.3684210526315788,0.0040329548198188,0.8091850240397938,0.0032543691217692,0.0855089588128444,0.0041917400448226,0.43441635632878
congestion_average_exceedance_mult,1.4473684210526314,0.0042054662777033,0.8438457928196281,0.0033923767111613,0.0890653256915249,0.0043710339218318,0.4502929098279908
congestion_average_exceedance_mult,1.526315789473684,0.0043376971885155,0.8704624241352003,0.003498158740591,0.0916874449447575,0.0045084536059494,0.4597507236099588
congestion_average_exceedance_mult,1.6052631578947367,0.0044699026108337,0.8970790554507732,0.0036039203797458,0.0942989013750039,0.0046458457587581,0.4690172472016084
congestion_average_exceedance_mult,1.6842105263157894,0.0046020825520266,0.9236956867663452,0.0037096616345205,0.0968997598906918,0.0047832103885305,0.478098225946709
congestion_average_exceedance_mult,1.763157894736842,0.0047342370194606,0.9503123180819172,0.003815382510808,0.0994900848744871,0.0049205475035363,0.4869991773900524
congestion_average_exceedance_mult,1.8421052631578947,0.0048628132235464,0.9762191725624082,0.003918240677975,0.1019882191920718,0.005054163809668,0.4951868903190082
congestion_average_exceedance_mult,1.9210526315789473,0.0048617002091909,0.9762191725624082,0.003917343860038,0.1015008649467249,0.005052961489025,0.4839057012175056
congestion_average_exceedance_mult,2.0,0.0048605877042184,0.9762191725624082,0.0039164474525395,0.101018146228704,0.0050517597402792,0.4731270718338414
congestion_saturation_factor_mult,0.5,0.0032083177611449,0.6435704291873436,0.0028874859850304,0.068360949509876,0.0033346674122511,0.3548123856272467
congestion_saturation_factor_mult,0.5789473684210527,0.0032083177611449,0.6435704291873436,0.0028412512973629,0.068360949509876,0.0033346674122511,0.3548123856272467
congestion_saturation_factor_mult,0.6578947368421053,0.0032083177611449,0.6435704291873436,0.0027950166096954,0.068360949509876,0.0033346674122511,0.3548123856272467
congestion_saturation_factor_mult,0.7368421052631579,0.0032083177611449,0.6435704291873436,0.0027487819220279,0.068360949509876,0.0033346674122511,0.3548123856272467
congestion_saturation_factor_mult,0.8157894736842105,0.0032083177611449,0.6435704291873436,0.0027025472343604,0.068360949509876,0.0033346674122511,0.3548123856272467
congestion_saturation_factor_mult,0.8947368421052632,0.0032083177611449,0.6435704291873436,0.0026563125466929,0.068360949509876,0.0033346674122511,0.3548123856272467
congestion_saturation_factor_mult,0.9736842105263157,0.0032083177611449,0.6435704291873436,0.0026100778590254,0.068360949509876,0.0033346674122511,0.3548123856272467
congestion_saturation_factor_mult,1.0526315789473684,0.0032083177611449,0.6435704291873436,0.0025638431713579,0.068360949509876,0.0033346674122511,0.3548123856272467
congestion_saturation_factor_mult,1.131578947368421,0.0032083177611449,0.6435704291873436,0.0025176084836904,0.068360949509876,0.0033346674122511,0.3548123856272467
congestion_saturation_factor_mult,1.2105263157894737,0.0032083177611449,0.6435704291873436,0.0024713737960229,0.068360949509876,0.0033346674122511,0.3548123856272467
congestion_saturation_factor_mult,1.2894736842105263,0.0032083177611449,0.6435704291873436,0.0024251391083554,0.068360949509876,0.0033346674122511,0.3548123856272467
congestion_saturation_factor_mult,1.3684210526315788,0.0032083177611449,0.6435704291873436,0.0023789044206879,0.068360949509876,0.0033346674122511,0.3548123856272467
congestion_saturation_factor_mult,1.4473684210526314,0.0032083177611449,0.6435704291873436,0.0023326697330204,0.068360949509876,0.0033346674122511,0.3548123856272467
congestion_saturation_factor_mult,1.526315789473684,0.0032083177611449,0.6435704291873436,0.0022864350453529,0.068360949509876,0.0033346674122511,0.3548123856272467
congestion_saturation_factor_mult,1.6052631578947367,0.0032083177611449,0.6435704291873436,0.0022402003576854,0.068360949509876,0.0033346674122511,0.3548123856272467
congestion_saturation_factor_mult,1.6842105263157894,0.0032083177611449,0.6435704291873436,0.0021939656700179,0.068360949509876,0.0033346674122511,0.3548123856272467
congestion_saturation_factor_mult,1.763157894736842,0.0032083177611449,0.6435704291873436,0.0021477309823504,0.068360949509876,0.0033346674122511,0.3548123856272467
congestion_saturation_factor_mult,1.8421052631578947,0.0032083177611449,0.6435704291873436,0.0021014962946829,0.068360949509876,0.0033346674122511,0.3548123856272467
congestion_saturation_factor_mult,1.9210526315789473,0.0032083177611449,0.6435704291873436,0.0020552616070154,0.068360949509876,0.0033346674122511,0.3548123856272467
congestion_saturation_factor_mult,2.0,0.0032083177611449,0.6435704291873436,0.0020090269193479,0.068360949509876,0.0033346674122511,0.3548123856272467
wacc_nominal_mult,0.7,0.0043065434256572,0.9706166471572124,0.0034828355271292,0.1114507921515316,0.0044400723831273,0.5026802966966868
wacc_nominal_mult,0.7368421052631579,0.0041568333661523,0.9178807069719718,0.0033617603486217,0.1044651903628099,0.0042904276340789,0.4803470058061199
wacc_nominal_mult,0.7736842105263158,0.0040109570580258,0.8693937710117237,0.0032437856440169,0.0980499519140711,0.0041442999912758,0.4593262015411181
wacc_nominal_mult,0.8105263157894737,0.0038691337529609,0.8247498542063979,0.0031290887289662,0.0921520471428472,0.0040019332417697,0.4395455639083937
wacc_nominal_mult,0.8473684210526315,0.0037315308929379,0.7835856399277863,0.0030178050190035,0.0867235685521352,0.003863520301589,0.4209339567566311
wacc_nominal_mult,0.8842105263157894,0.0035982680322886,0.7455757239832325,0.0029100312014329,0.0817212645000622,0.0037292065324812,0.4034220642267021
wacc_nominal_mult,0.9210526315789473,0.0034694211808066,0.710428407698041,0.0028058287477373,0.0771061043084977,0.0035990935675671,0.3869428742368251
wacc_nominal_mult,0.9578947368421051,0.0033450273712896,0.6778819758136767,0.0027052276074911,0.0728428757672342,0.0034732434514423,0.3714320310402791
wacc_nominal_mult,0.9947368421052631,0.0032250892849293,0.6477014023477712,0.0026082299490575,0.0688998149418018,0.0033516829257753,0.3568280774667018
wacc_nominal_mult,1.031578947368421,0.0031095797992163,0.6196754341787835,0.00251481383762,0.0652482674378595,0.0032344077193648,0.3430726056423481
wacc_nominal_mult,1.068421052631579,0.0029984463534173,0.5936140080030208,0.0024249367656799,0.0618623797626016,0.0031213867297778,0.3301103329761953
wacc_nominal_mult,1.1052631578947367,0.0028916150547546,0.5693459615338681,0.002338538973851,0.0587188190964213,0.0030125660104891,0.3178891181432561
wacc_nominal_mult,1.1421052631578945,0.0027889944732457,0.546717004438145,0.0022555465198647,0.0557965196001554,0.0029078725017823,0.3063599297931708
wacc_nominal_mult,1.1789473684210525,0.0026904790943016,0.5255879185944964,0.0021758740707931,0.0530764532983248,0.0028072174649156,0.2954767788296208
wacc_nominal_mult,1.2157894736842105,0.0025959524155133,0.505832960870832,0.002099427407517,0.0505414235683593,0.0027104995969291,0.2851966233822914
wacc_nominal_mult,1.2526315789473683,0.0025052896877519,0.4873384448046585,0.0020261056415381,0.0481758793078773,0.0026176078179718,0.2754792540485871
wacc_nominal_mult,1.289473684210526,0.0024183603110588,0.4700014803792076,0.0019558031526106,0.0459657479297642,0.0025284237343536,0.2662871656217946
wacc_nominal_mult,1.3263157894736841,0.0023350299032526,0.453728853562973,0.0018884112616875,0.0438982854353788,0.0024428237890012,0.2575854203425206
wacc_nominal_mult,1.3631578947368421,0.0022551620641531,0.4384360294590205,0.0018238196577033,0.0419619419301205,0.0023606811169935,0.2493415066989996
wacc_nominal_mult,1.4,0.0021786198612909,0.424046264828088,0.0017619175991139,0.0401462410658844,0.0022818671277743,0.2415251969462019
congestion_binding_hours_mult,0.5,0.0020885246803946,0.4188077647447324,0.0016988410951259,0.0448019200367952,0.0021708030223403,0.2396582350719135
congestion_binding_hours_mult,0.5789473684210527,0.0022653833484512,0.4542966064988288,0.0018403265665445,0.0485439630914178,0.0023546242716865,0.2584180202753566
congestion_binding_hours_mult,0.6578947368421053,0.0024422235494856,0.4897854482529252,0.001981797264498,0.0522776422258739,0.0025384255709246,0.2769556672910438
congestion_binding_hours_mult,0.7368421052631579,0.0026190452863901,0.5252742900070219,0.0021232531913004,0.0560029854504243,0.0027222069233022,0.2952750984671818
congestion_binding_hours_mult,0.8157894736842105,0.0027958485620563,0.5607631317611184,0.0022646943492648,0.0597200206503968,0.0029059683320661,0.3133801443485101
congestion_binding_hours_mult,0.8947368421052632,0.0029726333793752,0.5962519735152148,0.0024061207407041,0.0634287755868815,0.0030897098004625,0.3312745463465104
congestion_binding_hours_mult,0.9736842105263157,0.0031493997412373,0.6317408152693113,0.0025475323679306,0.0671292778974222,0.003273431331737,0.3489619593169847
congestion_binding_hours_mult,1.0526315789473684,0.0033261476505325,0.667229657023408,0.0026889292332562,0.0708215550967018,0.0034571329291343,0.3664459540486647
congestion_binding_hours_mult,1.131578947368421,0.0035028771101499,0.702718498777504,0.0028303113389922,0.074505634577226,0.0036408145958985,0.3837300196665108
congestion_binding_hours_mult,1.2105263157894737,0.0036795881229781,0.7382073405316006,0.0029716786874496,0.0781815436099999,0.0038244763352729,0.4008175659529837
congestion_binding_hours_mult,1.2894736842105263,0.0038562806919053,0.7736961822856976,0.0031130312809386,0.0818493093452001,0.0040081181505003,0.4177119255905765
congestion_binding_hours_mult,1.3684210526315788,0.0040329548198188,0.8091850240397938,0.0032543691217692,0.0855089588128444,0.0041917400448226,0.43441635632878
congestion_binding_hours_mult,1.4473684210526314,0.0042096105096055,0.8446738657938906,0.0033956922122509,0.0891605189234553,0.0043753420214811,0.4509340430783045
congestion_binding_hours_mult,1.526315789473684,0.0043862477641515,0.8801627075479871,0.0035370005546926,0.0928040164687199,0.0045589240837163,0.4672680999354946
congestion_binding_hours_mult,1.6052631578947367,0.0045628665863426,0.915651549302083,0.0036782941514027,0.0964394781221437,0.0047424862347681,0.4834215721395575
congestion_binding_hours_mult,1.6842105263157894,0.0047394669790636,0.9511403910561804,0.0038195730046893,0.100066930439704,0.0049260284778756,0.4993974379653103
congestion_binding_hours_mult,1.763157894736842,0.004916048945199,0.9866292328102764,0.0039608371168599,0.1036863998604943,0.0051095508162773,0.5151986105537543
congestion_binding_hours_mult,1.8421052631578947,0.0050926124876327,1.0221180745643734,0.0041020864902214,0.1072979127073684,0.0052930532532109,0.5308279396829809
congestion_binding_hours_mult,1.9210526315789473,0.0052691576092478,1.0576069163184696,0.0042433211270805,0.1109014951875762,0.0054765357919135,0.5462882134815513
congestion_binding_hours_mult,2.0,0.005445684312927,1.0930957580725658,0.0043845410297432,0.1144971733934004,0.0056599984356215,0.5615821600866719
congestion_price_mult,0.7,0.0023303209078831,0.4673565002643363,0.001892274371079,0.0498539559222293,0.0024221122977683,0.2634410667686054
congestion_price_mult,0.7421052631578947,0.0024535695514042,0.4920882797623021,0.0019908725058023,0.0524609000051122,0.0025502129110614,0.2765115798588719
congestion_price_mult,0.7842105263157895,0.0025768113319076,0.5168200592602682,0.0020894651501549,0.0550647419888397,0.0026783061101975,0.2895003233176802
congestion_price_mult,0.8263157894736841,0.0027000462499665,0.5415518387582341,0.0021880523045954,0.0576654874070731,0.0028063918958204,0.3024080620832171
congestion_price_mult,0.8684210526315789,0.002823274306154,0.5662836182562001,0.0022866339695821,0.0602631417803202,0.0029344702685737,0.3152355515822084
congestion_price_mult,0.9105263157894736,0.0029464955010433,0.5910153977541657,0.0023852101455738,0.0628577106159736,0.0030625412291008,0.3279835378772957
congestion_price_mult,0.9526315789473684,0.0030697098352075,0.6157471772521319,0.0024837808330287,0.0654491994083507,0.0031906047780451,0.3406527578116825
congestion_price_mult,0.9947368421052631,0.0031929173092193,0.6404789567500976,0.0025823460324052,0.0680376136387315,0.0033186609160501,0.3532439391511048
congestion_price_mult,1.0368421052631578,0.0033161179236519,0.6652107362480638,0.0026809057441617,0.0706229587753978,0.003446709643759,0.3657578007231906
congestion_price_mult,1.0789473684210527,0.003439311679078,0.6899425157460296,0.0027794599687564,0.0732052402736715,0.003574750961815,0.3781950525542552
congestion_price_mult,1.1210526315789473,0.0035624985760704,0.7146742952439955,0.0028780087066476,0.0757844635759531,0.0037027848708612,0.3905563960035956
congestion_price_mult,1.163157894736842,0.0036856786152019,0.7394060747419617,0.0029765519582934,0.0783606341117597,0.0038308113715408,0.4028425238953311
congestion_price_mult,1.2052631578947368,0.003808851797045,0.7641378542399275,0.003075089724152,0.0809337572977635,0.0039588304644966,0.415054120647845
congestion_price_mult,1.2473684210526317,0.0039320181221724,0.7888696337378934,0.0031736220046813,0.0835038385378292,0.0040868421503716,0.4271918624008792
congestion_price_mult,1.289473684210526,0.0040551775911565,0.8136014132358593,0.0032721488003395,0.0860708832230525,0.0042148464298086,0.4392564171403275
congestion_price_mult,1.331578947368421,0.00417833020457,0.838333192733825,0.0033706701115846,0.0886348967317973,0.0043428433034503,0.4512484448207799
congestion_price_mult,1.3736842105263158,0.0043014759629851,0.8630649722317905,0.0034691859388743,0.0911958844297332,0.0044708327719396,0.4631685974858632
congestion_price_mult,1.4157894736842105,0.0044246148669741,0.887796751729757,0.0035676962826666,0.0937538516698735,0.0045988148359189,0.4750175193864243
congestion_price_mult,1.4578947368421051,0.0045477469171095,0.912528531227723,0.0036662011434192,0.096308803792612,0.0047267894960308,0.4867958470965989
congestion_price_mult,1.5,0.0046708721139633,0.9372603107256888,0.0037647005215901,0.0988607461257601,0.0048547567529177,0.4985042096278162
congestion_average_exceedance_mult,0.5,0.0020885246803946,0.4188077647447324,0.0016988410951259,0.0448019200367952,0.0021708030223403,0.2396582350719135
congestion_average_exceedance_mult,0.5789473684210527,0.0022653833484512,0.4542966064988288,0.0018403265665445,0.0485439630914178,0.0023546242716865,0.2584180202753566
congestion_average_exceedance_mult,0.6578947368421053,0.0024422235494856,0.4897854482529252,0.001981797264498,0.0522776422258739,0.0025384255709246,0.2769556672910438
congestion_average_exceedance_mult,0.7368421052631579,0.0026190452863901,0.5252742900070219,0.0021232531913004,0.0560029854504243,0.0027222069233022,0.2952750984671818
congestion_average_exceedance_mult,0.8157894736842105,0.0027958485620563,0.5607631317611181,0.0022646943492648,0.0597200206503968,0.0029059683320661,0.3133801443485099
congestion_average_exceedance_mult,0.8947368421052632,0.0029726333793752,0.5962519735152148,0.0024061207407041,0.0634287755868815,0.0030897098004625,0.3312745463465104
congestion_average_exceedance_mult,0.9736842105263157,0.0031493997412373,0.6317408152693113,0.0025475323679306,0.0671292778974222,0.003273431331737,0.3489619593169847
congestion_average_exceedance_mult,1.0526315789473684,0.0033261476505325,0.667229657023408,0.0026889292332562,0.0708215550967018,0.0034571329291343,0.3664459540486647
congestion_average_exceedance_mult,1.131578947368421,0.0035028771101499,0.702718498777504,0.0028303113389922,0.074505634577226,0.0036408145958985,0.3837300196665108
congestion_average_exceedance_mult,1.2105263157894737,0.0036795881229781,0.7382073405316006,0.0029716786874496,0.0781815436099999,0.0038244763352729,0.4008175659529837
congestion_average_exceedance_mult,1.2894736842105263,0.0038562806919053,0.7736961822856976,0.0031130312809386,0.0818493093452001,0.0040081181505003,0.4177119255905765
congestion_average_exceedance_mult,1.3684210526315788,0.0040329548198188,0.8091850240397938,0.0032543691217692,0.0855089588128444,0.0041917400448226,0.43441635632878
congestion_average_exceedance_mult,1.4473684210526314,0.0042054662777033,0.8438457928196281,0.0033923767111613,0.0890653256915249,0.0043710339218318,0.4502929098279908
congestion_average_exceedance_mult,1.526315789473684,0.0043376971885155,0.8704624241352003,0.003498158740591,0.0916874449447575,0.0045084536059494,0.4597507236099588
congestion_average_exceedance_mult,1.6052631578947367,0.0044699026108337,0.8970790554507732,0.0036039203797458,0.0942989013750039,0.0046458457587581,0.4690172472016084
congestion_average_exceedance_mult,1.6842105263157894,0.0046020825520266,0.9236956867663452,0.0037096616345205,0.0968997598906918,0.0047832103885305,0.478098225946709
congestion_average_exceedance_mult,1.763157894736842,0.0047342370194606,0.9503123180819172,0.003815382510808,0.0994900848744871,0.0049205475035363,0.4869991773900524
congestion_average_exceedance_mult,1.8421052631578947,0.0048628132235464,0.9762191725624082,0.003918240677975,0.1019882191920718,0.005054163809668,0.4951868903190082
congestion_average_exceedance_mult,1.9210526315789473,0.0048617002091909,0.9762191725624082,0.003917343860038,0.1015008649467249,0.005052961489025,0.4839057012175056
congestion_average_exceedance_mult,2.0,0.0048605877042184,0.9762191725624082,0.0039164474525395,0.101018146228704,0.0050517597402792,0.4731270718338414
wildfire_ignition_rate_mult,0.29999999999999993,0.0051795510567337,0.6435704291873436,0.0041888639337752,0.0683609495098761,0.0055170258031143,0.3548123856272467
wildfire_ignition_rate_mult,0.3386513675054067,0.0050095974809261,0.6435704291873436,0.0040514171944113,0.0683609495098761,0.0053246153718622,0.3548123856272467
wildfire_ignition_rate_mult,0.3822824957109401,0.0048306699643565,0.6435704291873436,0.0039067129502194,0.0683609495098761,0.0051229303582177,0.3548123856272467
wildfire_ignition_rate_mult,0.4315349664862988,0.0046434522805428,0.6435704291873436,0.0037553041900967,0.0683609495098761,0.0049128662257261,0.3548123856272467
wildfire_ignition_rate_mult,0.4871330217566165,0.0044488195521917,0.6435704291873436,0.0035978986529774,0.0683609495098761,0.0046955216150132,0.3548123856272467
wildfire_ignition_rate_mult,0.5498942132497306,0.0042478299522949,0.6435704291873436,0.0034353521162506,0.068360949509876,0.0044721823809601,0.3548123856272436
wildfire_ignition_rate_mult,0.6207414243344368,0.0040417075210644,0.6435704291873436,0.0032686544992822,0.068360949509876,0.0042442959750796,0.3548123856272467
wildfire_ignition_rate_mult,0.7007164407270365,0.0038318162455552,0.6435704291873436,0.0030989089008,0.068360949509876,0.0040134369102686,0.3548123856272467
wildfire_ignition_rate_mult,0.7909952696191074,0.0036196262921817,0.6435704291873436,0.0029273042900799,0.068360949509876,0.0037812648542423,0.3548123856272467
wildfire_ignition_rate_mult,0.8929054324893952,0.0034066740097734,0.6435704291873436,0.0027550831601741,0.068360949509876,0.0035494776126259,0.3548123856272467
wildfire_ignition_rate_mult,1.0079454858851344,0.0031945179336129,0.6435704291873436,0.0025835059470092,0.068360949509876,0.0033197617801195,0.3548123856272467
wildfire_ignition_rate_mult,1.1378070572196748,0.002984693429333,0.6435704291873436,0.0024138143484955,0.068360949509876,0.0030937440798933,0.3548123856272467
wildfire_ignition_rate_mult,1.284399719615818,0.0027786687570037,0.6435704291873436,0.0022471957921892,0.068360949509876,0.0028729463396639,0.3548123856272467
wildfire_ignition_rate_mult,1.4498790715715255,0.0025778051880714,0.6435704291873436,0.0020847511806207,0.068360949509876,0.0026587466790273,0.3548123856272467
wildfire_ignition_rate_mult,1.6366784343505554,0.0023833233941268,0.6435704291873436,0.0019274677088473,0.068360949509876,0.0024523488643318,0.3548123856272467
wildfire_ignition_rate_mult,1.847544633198079,0.0021962777101654,0.6435704291873436,0.0017761980503514,0.0683609495098763,0.002254761016528,0.3548123856272531
wildfire_ignition_rate_mult,2.0855783885326815,0.0020175391461618,0.6435704291873436,0.0016316466179727,0.0683609495098763,0.0020667840411354,0.3548123856272531
wildfire_ignition_rate_mult,2.354279911054383,0.0018477872781412,0.6435704291873436,0.0014943630059659,0.0683609495098763,0.0018890093898108,0.3548123856272531
wildfire_ignition_rate_mult,2.6576003712302474,0.0016875104827881,0.6435704291873436,0.0013647421797356,0.0683609495098763,0.0017218251404128,0.3548123856272531
wildfire_ignition_rate_mult,3.0,0.0015370134540729,0.6435704291873436,0.0012430305547665,0.0683609495098763,0.0015654289457462,0.3548123856272531
congestion_binding_hours_mult,0.5,0.0020885246803946,0.4188077647447324,0.0016988410951259,0.0448019200367952,0.0021708030223403,0.2396582350719135
congestion_binding_hours_mult,0.5789473684210527,0.0022653833484512,0.4542966064988288,0.0018403265665445,0.0485439630914178,0.0023546242716865,0.2584180202753566
congestion_binding_hours_mult,0.6578947368421053,0.0024422235494856,0.4897854482529252,0.001981797264498,0.0522776422258739,0.0025384255709246,0.2769556672910438
congestion_binding_hours_mult,0.7368421052631579,0.0026190452863901,0.5252742900070219,0.0021232531913004,0.0560029854504243,0.0027222069233022,0.2952750984671818
congestion_binding_hours_mult,0.8157894736842105,0.0027958485620563,0.5607631317611184,0.0022646943492648,0.0597200206503968,0.0029059683320661,0.3133801443485101
congestion_binding_hours_mult,0.8947368421052632,0.0029726333793752,0.5962519735152148,0.0024061207407041,0.0634287755868815,0.0030897098004625,0.3312745463465104
congestion_binding_hours_mult,0.9736842105263157,0.0031493997412373,0.6317408152693113,0.0025475323679306,0.0671292778974222,0.003273431331737,0.3489619593169847
congestion_binding_hours_mult,1.0526315789473684,0.0033261476505325,0.667229657023408,0.0026889292332562,0.0708215550967018,0.0034571329291343,0.3664459540486647
congestion_binding_hours_mult,1.131578947368421,0.0035028771101499,0.702718498777504,0.0028303113389922,0.074505634577226,0.0036408145958985,0.3837300196665108
congestion_binding_hours_mult,1.2105263157894737,0.0036795881229781,0.7382073405316006,0.0029716786874496,0.0781815436099999,0.0038244763352729,0.4008175659529837
congestion_binding_hours_mult,1.2894736842105263,0.0038562806919053,0.7736961822856976,0.0031130312809386,0.0818493093452001,0.0040081181505003,0.4177119255905765
congestion_binding_hours_mult,1.3684210526315788,0.0040329548198188,0.8091850240397938,0.0032543691217692,0.0855089588128444,0.0041917400448226,0.43441635632878
congestion_binding_hours_mult,1.4473684210526314,0.0042096105096055,0.8446738657938906,0.0033956922122509,0.0891605189234553,0.0043753420214811,0.4509340430783045
congestion_binding_hours_mult,1.526315789473684,0.0043862477641515,0.8801627075479871,0.0035370005546926,0.0928040164687199,0.0045589240837163,0.4672680999354946
congestion_binding_hours_mult,1.6052631578947367,0.0045628665863426,0.915651549302083,0.0036782941514027,0.0964394781221437,0.0047424862347681,0.4834215721395575
congestion_binding_hours_mult,1.6842105263157894,0.0047394669790636,0.9511403910561804,0.0038195730046893,0.100066930439704,0.0049260284778756,0.4993974379653103
congestion_binding_hours_mult,1.763157894736842,0.004916048945199,0.9866292328102764,0.0039608371168599,0.1036863998604943,0.0051095508162773,0.5151986105537543
congestion_binding_hours_mult,1.8421052631578947,0.0050926124876327,1.0221180745643734,0.0041020864902214,0.1072979127073684,0.0052930532532109,0.5308279396829809
congestion_binding_hours_mult,1.9210526315789473,0.0052691576092478,1.0576069163184696,0.0042433211270805,0.1109014951875762,0.0054765357919135,0.5462882134815513
congestion_binding_hours_mult,2.0,0.005445684312927,1.0930957580725658,0.0043845410297432,0.1144971733934004,0.0056599984356215,0.5615821600866719
wacc_nominal_mult,0.7,0.0043065434256572,0.9706166471572124,0.0034828355271292,0.1114507921515316,0.0044400723831273,0.5026802966966868
wacc_nominal_mult,0.7368421052631579,0.0041568333661523,0.9178807069719718,0.0033617603486217,0.1044651903628099,0.0042904276340789,0.4803470058061199
wacc_nominal_mult,0.7736842105263158,0.0040109570580258,0.8693937710117237,0.0032437856440169,0.0980499519140711,0.0041442999912758,0.4593262015411181
wacc_nominal_mult,0.8105263157894737,0.0038691337529609,0.8247498542063979,0.0031290887289662,0.0921520471428472,0.0040019332417697,0.4395455639083937
wacc_nominal_mult,0.8473684210526315,0.0037315308929379,0.7835856399277863,0.0030178050190035,0.0867235685521352,0.003863520301589,0.4209339567566311
wacc_nominal_mult,0.8842105263157894,0.0035982680322886,0.7455757239832325,0.0029100312014329,0.0817212645000622,0.0037292065324812,0.4034220642267021
wacc_nominal_mult,0.9210526315789473,0.0034694211808066,0.710428407698041,0.0028058287477373,0.0771061043084977,0.0035990935675671,0.3869428742368251
wacc_nominal_mult,0.9578947368421051,0.0033450273712896,0.6778819758136767,0.0027052276074911,0.0728428757672342,0.0034732434514423,0.3714320310402791
wacc_nominal_mult,0.9947368421052631,0.0032250892849293,0.6477014023477712,0.0026082299490575,0.0688998149418018,0.0033516829257753,0.3568280774667018
wacc_nominal_mult,1.031578947368421,0.0031095797992163,0.6196754341787835,0.00251481383762,0.0652482674378595,0.0032344077193648,0.3430726056423481
wacc_nominal_mult,1.068421052631579,0.0029984463534173,0.5936140080030208,0.0024249367656799,0.0618623797626016,0.0031213867297778,0.3301103329761953
wacc_nominal_mult,1.1052631578947367,0.0028916150547546,0.5693459615338681,0.002338538973851,0.0587188190964213,0.0030125660104891,0.3178891181432561
wacc_nominal_mult,1.1421052631578945,0.0027889944732457,0.546717004438145,0.0022555465198647,0.0557965196001554,0.0029078725017823,0.3063599297931708
wacc_nominal_mult,1.1789473684210525,0.0026904790943016,0.5255879185944964,0.0021758740707931,0.0530764532983248,0.0028072174649156,0.2954767788296208
wacc_nominal_mult,1.2157894736842105,0.0025959524155133,0.505832960870832,0.002099427407517,0.0505414235683593,0.0027104995969291,0.2851966233822914
wacc_nominal_mult,1.2526315789473683,0.0025052896877519,0.4873384448046585,0.0020261056415381,0.0481758793078773,0.0026176078179718,0.2754792540485871
wacc_nominal_mult,1.289473684210526,0.0024183603110588,0.4700014803792076,0.0019558031526106,0.0459657479297642,0.0025284237343536,0.2662871656217946
wacc_nominal_mult,1.3263157894736841,0.0023350299032526,0.453728853562973,0.0018884112616875,0.0438982854353788,0.0024428237890012,0.2575854203425206
wacc_nominal_mult,1.3631578947368421,0.0022551620641531,0.4384360294590205,0.0018238196577033,0.0419619419301205,0.0023606811169935,0.2493415066989996
wacc_nominal_mult,1.4,0.0021786198612909,0.424046264828088,0.0017619175991139,0.0401462410658844,0.0022818671277743,0.2415251969462019
congestion_price_mult,0.7,0.0023303209078831,0.4673565002643363,0.001892274371079,0.0498539559222293,0.0024221122977683,0.2634410667686054
congestion_price_mult,0.7421052631578947,0.0024535695514042,0.4920882797623021,0.0019908725058023,0.0524609000051122,0.0025502129110614,0.2765115798588719
congestion_price_mult,0.7842105263157895,0.0025768113319076,0.5168200592602682,0.0020894651501549,0.0550647419888397,0.0026783061101975,0.2895003233176802
congestion_price_mult,0.8263157894736841,0.0027000462499665,0.5415518387582341,0.0021880523045954,0.0576654874070731,0.0028063918958204,0.3024080620832171
congestion_price_mult,0.8684210526315789,0.002823274306154,0.5662836182562001,0.0022866339695821,0.0602631417803202,0.0029344702685737,0.3152355515822084
congestion_price_mult,0.9105263157894736,0.0029464955010433,0.5910153977541657,0.0023852101455738,0.0628577106159736,0.0030625412291008,0.3279835378772957
congestion_price_mult,0.9526315789473684,0.0030697098352075,0.6157471772521319,0.0024837808330287,0.0654491994083507,0.0031906047780451,0.3406527578116825
congestion_price_mult,0.9947368421052631,0.0031929173092193,0.6404789567500976,0.0025823460324052,0.0680376136387315,0.0033186609160501,0.3532439391511048
congestion_price_mult,1.0368421052631578,0.0033161179236519,0.6652107362480638,0.0026809057441617,0.0706229587753978,0.003446709643759,0.3657578007231906
congestion_price_mult,1.0789473684210527,0.003439311679078,0.6899425157460296,0.0027794599687564,0.0732052402736715,0.003574750961815,0.3781950525542552
congestion_price_mult,1.1210526315789473,0.0035624985760704,0.7146742952439955,0.0028780087066476,0.0757844635759531,0.0037027848708612,0.3905563960035956
congestion_price_mult,1.163157894736842,0.0036856786152019,0.7394060747419617,0.0029765519582934,0.0783606341117597,0.0038308113715408,0.4028425238953311
congestion_price_mult,1.2052631578947368,0.003808851797045,0.7641378542399275,0.003075089724152,0.0809337572977635,0.0039588304644966,0.415054120647845
congestion_price_mult,1.2473684210526317,0.0039320181221724,0.7888696337378934,0.0031736220046813,0.0835038385378292,0.0040868421503716,0.4271918624008792
congestion_price_mult,1.289473684210526,0.0040551775911565,0.8136014132358593,0.0032721488003395,0.0860708832230525,0.0042148464298086,0.4392564171403275
congestion_price_mult,1.331578947368421,0.00417833020457,0.838333192733825,0.0033706701115846,0.0886348967317973,0.0043428433034503,0.4512484448207799
congestion_price_mult,1.3736842105263158,0.0043014759629851,0.8630649722317905,0.0034691859388743,0.0911958844297332,0.0044708327719396,0.4631685974858632
congestion_price_mult,1.4157894736842105,0.0044246148669741,0.887796751729757,0.0035676962826666,0.0937538516698735,0.0045988148359189,0.4750175193864243
congestion_price_mult,1.4578947368421051,0.0045477469171095,0.912528531227723,0.0036662011434192,0.096308803792612,0.0047267894960308,0.4867958470965989
congestion_price_mult,1.5,0.0046708721139633,0.9372603107256888,0.0037647005215901,0.0988607461257601,0.0048547567529177,0.4985042096278162
congestion_average_exceedance_mult,0.5,0.0020885246803946,0.4188077647447324,0.0016988410951259,0.0448019200367952,0.0021708030223403,0.2396582350719135
congestion_average_exceedance_mult,0.5789473684210527,0.0022653833484512,0.4542966064988288,0.0018403265665445,0.0485439630914178,0.0023546242716865,0.2584180202753566
congestion_average_exceedance_mult,0.6578947368421053,0.0024422235494856,0.4897854482529252,0.001981797264498,0.0522776422258739,0.0025384255709246,0.2769556672910438
congestion_average_exceedance_mult,0.7368421052631579,0.0026190452863901,0.5252742900070219,0.0021232531913004,0.0560029854504243,0.0027222069233022,0.2952750984671818
congestion_average_exceedance_mult,0.8157894736842105,0.0027958485620563,0.5607631317611181,0.0022646943492648,0.0597200206503968,0.0029059683320661,0.3133801443485099
congestion_average_exceedance_mult,0.8947368421052632,0.0029726333793752,0.5962519735152148,0.0024061207407041,0.0634287755868815,0.0030897098004625,0.3312745463465104
congestion_average_exceedance_mult,0.9736842105263157,0.0031493997412373,0.6317408152693113,0.0025475323679306,0.0671292778974222,0.003273431331737,0.3489619593169847
congestion_average_exceedance_mult,1.0526315789473684,0.0033261476505325,0.667229657023408,0.0026889292332562,0.0708215550967018,0.0034571329291343,0.3664459540486647
congestion_average_exceedance_mult,1.131578947368421,0.0035028771101499,0.702718498777504,0.0028303113389922,0.074505634577226,0.0036408145958985,0.3837300196665108
congestion_average_exceedance_mult,1.2105263157894737,0.0036795881229781,0.7382073405316006,0.0029716786874496,0.0781815436099999,0.0038244763352729,0.4008175659529837
congestion_average_exceedance_mult,1.2894736842105263,0.0038562806919053,0.7736961822856976,0.0031130312809386,0.0818493093452001,0.0040081181505003,0.4177119255905765
congestion_average_exceedance_mult,1.3684210526315788,0.0040329548198188,0.8091850240397938,0.0032543691217692,0.0855089588128444,0.0041917400448226,0.43441635632878
congestion_average_exceedance_mult,1.4473684210526314,0.0042054662777033,0.8438457928196281,0.0033923767111613,0.0890653256915249,0.0043710339218318,0.4502929098279908
congestion_average_exceedance_mult,1.526315789473684,0.0043376971885155,0.8704624241352003,0.003498158740591,0.0916874449447575,0.0045084536059494,0.4597507236099588
congestion_average_exceedance_mult,1.6052631578947367,0.0044699026108337,0.8970790554507732,0.0036039203797458,0.0942989013750039,0.0046458457587581,0.4690172472016084
congestion_average_exceedance_mult,1.6842105263157894,0.0046020825520266,0.9236956867663452,0.0037096616345205,0.0968997598906918,0.0047832103885305,0.478098225946709
congestion_average_exceedance_mult,1.763157894736842,0.0047342370194606,0.9503123180819172,0.003815382510808,0.0994900848744871,0.0049205475035363,0.4869991773900524
congestion_average_exceedance_mult,1.8421052631578947,0.0048628132235464,0.9762191725624082,0.003918240677975,0.1019882191920718,0.005054163809668,0.4951868903190082
congestion_average_exceedance_mult,1.9210526315789473,0.0048617002091909,0.9762191725624082,0.003917343860038,0.1015008649467249,0.005052961489025,0.4839057012175056
congestion_average_exceedance_mult,2.0,0.0048605877042184,0.9762191725624082,0.0039164474525395,0.101018146228704,0.0050517597402792,0.4731270718338414
wacc_nominal_mult,0.7,0.0043065434256572,0.9706166471572124,0.0034828355271292,0.1114507921515316,0.0044400723831273,0.5026802966966868
wacc_nominal_mult,0.7368421052631579,0.0041568333661523,0.9178807069719718,0.0033617603486217,0.1044651903628099,0.0042904276340789,0.4803470058061199
wacc_nominal_mult,0.7736842105263158,0.0040109570580258,0.8693937710117237,0.0032437856440169,0.0980499519140711,0.0041442999912758,0.4593262015411181
wacc_nominal_mult,0.8105263157894737,0.0038691337529609,0.8247498542063979,0.0031290887289662,0.0921520471428472,0.0040019332417697,0.4395455639083937
wacc_nominal_mult,0.8473684210526315,0.0037315308929379,0.7835856399277863,0.0030178050190035,0.0867235685521352,0.003863520301589,0.4209339567566311
wacc_nominal_mult,0.8842105263157894,0.0035982680322886,0.7455757239832325,0.0029100312014329,0.0817212645000622,0.0037292065324812,0.4034220642267021
wacc_nominal_mult,0.9210526315789473,0.0034694211808066,0.710428407698041,0.0028058287477373,0.0771061043084977,0.0035990935675671,0.3869428742368251
wacc_nominal_mult,0.9578947368421051,0.0033450273712896,0.6778819758136767,0.0027052276074911,0.0728428757672342,0.0034732434514423,0.3714320310402791
wacc_nominal_mult,0.9947368421052631,0.0032250892849293,0.6477014023477712,0.0026082299490575,0.0688998149418018,0.0033516829257753,0.3568280774667018
wacc_nominal_mult,1.031578947368421,0.0031095797992163,0.6196754341787835,0.00251481383762,0.0652482674378595,0.0032344077193648,0.3430726056423481
wacc_nominal_mult,1.068421052631579,0.0029984463534173,0.5936140080030208,0.0024249367656799,0.0618623797626016,0.0031213867297778,0.3301103329761953
wacc_nominal_mult,1.1052631578947367,0.0028916150547546,0.5693459615338681,0.002338538973851,0.0587188190964213,0.0030125660104891,0.3178891181432561
wacc_nominal_mult,1.1421052631578945,0.0027889944732457,0.546717004438145,0.0022555465198647,0.0557965196001554,0.0029078725017823,0.3063599297931708
wacc_nominal_mult,1.1789473684210525,0.0026904790943016,0.5255879185944964,0.0021758740707931,0.0530764532983248,0.0028072174649156,0.2954767788296208
wacc_nominal_mult,1.2157894736842105,0.0025959524155133,0.505832960870832,0.002099427407517,0.0505414235683593,0.0027104995969291,0.2851966233822914
wacc_nominal_mult,1.2526315789473683,0.0025052896877519,0.4873384448046585,0.0020261056415381,0.0481758793078773,0.0026176078179718,0.2754792540485871
wacc_nominal_mult,1.289473684210526,0.0024183603110588,0.4700014803792076,0.0019558031526106,0.0459657479297642,0.0025284237343536,0.2662871656217946
wacc_nominal_mult,1.3263157894736841,0.0023350299032526,0.453728853562973,0.0018884112616875,0.0438982854353788,0.0024428237890012,0.2575854203425206
wacc_nominal_mult,1.3631578947368421,0.0022551620641531,0.4384360294590205,0.0018238196577033,0.0419619419301205,0.0023606811169935,0.2493415066989996
wacc_nominal_mult,1.4,0.0021786198612909,0.424046264828088,0.0017619175991139,0.0401462410658844,0.0022818671277743,0.2415251969462019
congestion_binding_hours_mult,0.5,0.0020885246803946,0.4188077647447324,0.0016988410951259,0.0448019200367952,0.0021708030223403,0.2396582350719135
congestion_binding_hours_mult,0.5789473684210527,0.0022653833484512,0.4542966064988288,0.0018403265665445,0.0485439630914178,0.0023546242716865,0.2584180202753566
congestion_binding_hours_mult,0.6578947368421053,0.0024422235494856,0.4897854482529252,0.001981797264498,0.0522776422258739,0.0025384255709246,0.2769556672910438
congestion_binding_hours_mult,0.7368421052631579,0.0026190452863901,0.5252742900070219,0.0021232531913004,0.0560029854504243,0.0027222069233022,0.2952750984671818
congestion_binding_hours_mult,0.8157894736842105,0.0027958485620563,0.5607631317611184,0.0022646943492648,0.0597200206503968,0.0029059683320661,0.3133801443485101
congestion_binding_hours_mult,0.8947368421052632,0.0029726333793752,0.5962519735152148,0.0024061207407041,0.0634287755868815,0.0030897098004625,0.3312745463465104
congestion_binding_hours_mult,0.9736842105263157,0.0031493997412373,0.6317408152693113,0.0025475323679306,0.0671292778974222,0.003273431331737,0.3489619593169847
congestion_binding_hours_mult,1.0526315789473684,0.0033261476505325,0.667229657023408,0.0026889292332562,0.0708215550967018,0.0034571329291343,0.3664459540486647
congestion_binding_hours_mult,1.131578947368421,0.0035028771101499,0.702718498777504,0.0028303113389922,0.074505634577226,0.0036408145958985,0.3837300196665108
congestion_binding_hours_mult,1.2105263157894737,0.0036795881229781,0.7382073405316006,0.0029716786874496,0.0781815436099999,0.0038244763352729,0.4008175659529837
congestion_binding_hours_mult,1.2894736842105263,0.0038562806919053,0.7736961822856976,0.0031130312809386,0.0818493093452001,0.0040081181505003,0.4177119255905765
congestion_binding_hours_mult,1.3684210526315788,0.0040329548198188,0.8091850240397938,0.0032543691217692,0.0855089588128444,0.0041917400448226,0.43441635632878
congestion_binding_hours_mult,1.4473684210526314,0.0042096105096055,0.8446738657938906,0.0033956922122509,0.0891605189234553,0.0043753420214811,0.4509340430783045
congestion_binding_hours_mult,1.526315789473684,0.0043862477641515,0.8801627075479871,0.0035370005546926,0.0928040164687199,0.0045589240837163,0.4672680999354946
congestion_binding_hours_mult,1.6052631578947367,0.0045628665863426,0.915651549302083,0.0036782941514027,0.0964394781221437,0.0047424862347681,0.4834215721395575
congestion_binding_hours_mult,1.6842105263157894,0.0047394669790636,0.9511403910561804,0.0038195730046893,0.100066930439704,0.0049260284778756,0.4993974379653103
congestion_binding_hours_mult,1.763157894736842,0.004916048945199,0.9866292328102764,0.0039608371168599,0.1036863998604943,0.0051095508162773,0.5151986105537543
congestion_binding_hours_mult,1.8421052631578947,0.0050926124876327,1.0221180745643734,0.0041020864902214,0.1072979127073684,0.0052930532532109,0.5308279396829809
congestion_binding_hours_mult,1.9210526315789473,0.0052691576092478,1.0576069163184696,0.0042433211270805,0.1109014951875762,0.0054765357919135,0.5462882134815513
congestion_binding_hours_mult,2.0,0.005445684312927,1.0930957580725658,0.0043845410297432,0.1144971733934004,0.0056599984356215,0.5615821600866719
congestion_price_mult,0.7,0.0023303209078831,0.4673565002643363,0.001892274371079,0.0498539559222293,0.0024221122977683,0.2634410667686054
congestion_price_mult,0.7421052631578947,0.0024535695514042,0.4920882797623021,0.0019908725058023,0.0524609000051122,0.0025502129110614,0.2765115798588719
congestion_price_mult,0.7842105263157895,0.0025768113319076,0.5168200592602682,0.0020894651501549,0.0550647419888397,0.0026783061101975,0.2895003233176802
congestion_price_mult,0.8263157894736841,0.0027000462499665,0.5415518387582341,0.0021880523045954,0.0576654874070731,0.0028063918958204,0.3024080620832171
congestion_price_mult,0.8684210526315789,0.002823274306154,0.5662836182562001,0.0022866339695821,0.0602631417803202,0.0029344702685737,0.3152355515822084
congestion_price_mult,0.9105263157894736,0.0029464955010433,0.5910153977541657,0.0023852101455738,0.0628577106159736,0.0030625412291008,0.3279835378772957
congestion_price_mult,0.9526315789473684,0.0030697098352075,0.6157471772521319,0.0024837808330287,0.0654491994083507,0.0031906047780451,0.3406527578116825
congestion_price_mult,0.9947368421052631,0.0031929173092193,0.6404789567500976,0.0025823460324052,0.0680376136387315,0.0033186609160501,0.3532439391511048
congestion_price_mult,1.0368421052631578,0.0033161179236519,0.6652107362480638,0.0026809057441617,0.0706229587753978,0.003446709643759,0.3657578007231906
congestion_price_mult,1.0789473684210527,0.003439311679078,0.6899425157460296,0.0027794599687564,0.0732052402736715,0.003574750961815,0.3781950525542552
congestion_price_mult,1.1210526315789473,0.0035624985760704,0.7146742952439955,0.0028780087066476,0.0757844635759531,0.0037027848708612,0.3905563960035956
congestion_price_mult,1.163157894736842,0.0036856786152019,0.7394060747419617,0.0029765519582934,0.0783606341117597,0.0038308113715408,0.4028425238953311
congestion_price_mult,1.2052631578947368,0.003808851797045,0.7641378542399275,0.003075089724152,0.0809337572977635,0.0039588304644966,0.415054120647845
congestion_price_mult,1.2473684210526317,0.0039320181221724,0.7888696337378934,0.0031736220046813,0.0835038385378292,0.0040868421503716,0.4271918624008792
congestion_price_mult,1.289473684210526,0.0040551775911565,0.8136014132358593,0.0032721488003395,0.0860708832230525,0.0042148464298086,0.4392564171403275
congestion_price_mult,1.331578947368421,0.00417833020457,0.838333192733825,0.0033706701115846,0.0886348967317973,0.0043428433034503,0.4512484448207799
congestion_price_mult,1.3736842105263158,0.0043014759629851,0.8630649722317905,0.0034691859388743,0.0911958844297332,0.0044708327719396,0.4631685974858632
congestion_price_mult,1.4157894736842105,0.0044246148669741,0.887796751729757,0.0035676962826666,0.0937538516698735,0.0045988148359189,0.4750175193864243
congestion_price_mult,1.4578947368421051,0.0045477469171095,0.912528531227723,0.0036662011434192,0.096308803792612,0.0047267894960308,0.4867958470965989
congestion_price_mult,1.5,0.0046708721139633,0.9372603107256888,0.0037647005215901,0.0988607461257601,0.0048547567529177,0.4985042096278162
