,bcr_system,bcr_capital,bcr_haircut,bcr_excluding_risk,bcr_excluding_emissions,bcr_excluding_emissions_and_risk
real_wacc_mult,-0.04299619370310885,0.023560317704780977,-0.0384717607973422,-0.0311284680205056,-0.04158016325273372,-0.03816813711469495
delay_years,-0.06619733443224254,0.02891756613032624,-0.06114710269477847,-0.2656010843900779,-0.06519658407093665,-0.6675000504229767
construction_years,-0.05692239994719589,-0.11981606565312096,-0.05072715671822403,-0.06906338694418167,-0.056266748806406905,-0.09027744164044796
line_utilization_mult,-0.05296561131768278,0.04937405117599174,-0.04436646058392556,-0.09520054564256014,-0.0513000814063497,0.03454489450177114
wildfire_ignition_rate_mult,-0.5140674572616665,-0.006758927196321315,-0.5131275439484281,0.003449869089789004,-0.5302360784141164,0.03546588633913446
congestion_price_mult,0.33668434137862757,0.412609623550637,0.3239484279773823,0.32382301819541925,0.332932608743482,0.26566104156124176
congestion_flow_factor_mult,0.20451959252821722,0.27429231480055444,0.19167851092385207,0.23751556621416473,0.2026023629843128,0.2479514202107765
congestion_binding_hours_mult,0.4252874524212889,0.5405496028690239,0.428545026512068,0.3838692217993004,0.42287562429869535,0.3120331785879299
congestion_average_exceedance_mult,0.2903900904270534,0.38940221337264314,0.28819871950012105,0.26600338826428466,0.287747684319377,0.15810081186332536
congestion_near_binding_hours_mult,0.11019823546236608,0.11750104508151638,0.1287659237420519,0.041896547930738604,0.1114545334536094,0.041220655211106474
congestion_near_binding_relief_factor_mult,0.16431541660249502,0.18823964269213003,0.15250005500429037,0.1625909220919232,0.16265912741193816,0.11597852632505337
congestion_saturation_factor_mult,-0.06457547688719721,-0.0734030054344239,-0.21174495610657634,0.002474312996413721,-0.06532309520142572,-0.011423731051021983
electricity_price_mult,-0.08153703988911136,-0.07710501419110691,-0.07564806054872282,-0.2699672174429606,-0.07049877890475459,0.011138588809927175
environmental_mitigation_cost_mult,-0.028773844359860072,-0.011208554267232844,-0.027068711359486044,0.024583837539328073,-0.028150315724626524,-0.017840751578623134
project_lifetime,-0.05279061835945628,0.06911757512253165,-0.05486609949953771,-0.00823584046543885,-0.05364640738824172,0.06292879963637288
social_discount_rate_mult,0.19047633715429807,0.010834525092957252,0.18870827924578118,0.2194072737673539,0.18614947965941345,0.005085036632857363
wacc_nominal_mult,-0.3998468680557084,-0.4420034762711492,-0.3885863897383997,-0.5648174957646698,-0.38965655321115056,-0.3957303469670635
inflation_rate_mult,0.17534135662581682,0.1690105828254604,0.1724221689291765,0.2362940309344129,0.17119975358077932,0.19315922641966074
row_acquisition_cost_mult,0.024364700446634843,-0.0069138192779036765,0.029861609205518037,-0.01839475479087369,0.025002310180194057,-0.06510879848628194
row_rent_cost_mult,0.029139072847682124,0.025971265758729184,0.03142769135992608,0.052136146619436316,0.029412334162064645,0.013875162262656488
row_hold_cost_mult,0.058418516644298264,0.0036751666629997143,0.06516424281093927,0.09082308420056766,0.05689379771622187,0.07911201073683749
terrain_mult_forested,0.03200633649424656,-0.011814481529559308,0.033803436668060106,0.028573188708719284,0.0319341708653275,0.010462256055972369
terrain_mult_scrubbed_flat,-0.05231920089767003,-0.1269309806164881,-0.04513740071725595,-0.03225759609249522,-0.053228311808321056,-0.032077182020197575
terrain_mult_wetland,0.05331499856988846,0.044945545752568705,0.03003366262568481,0.07773690347847133,0.05055730346967064,0.06809839167455062
terrain_mult_farmland,-0.025299773382323826,0.005395700864667444,-0.017512926008228645,-0.018967679478999362,-0.0259998679897032,-0.01420474797034169
terrain_mult_desert_barren,-0.03743636003608282,0.008449979098369673,-0.030536181822182137,0.00820487998063849,-0.03866933620822425,0.008371652988933139
terrain_mult_urban,0.09854084618600252,0.1070990737277508,0.10015973245913182,0.10234670304283736,0.09448680997117777,0.0721000638049768
terrain_mult_rolling_hills,-0.017574970847726128,-0.09866801610525623,-0.007700600646850456,-0.03879122571560582,-0.01687927658357352,-0.09879870629909135
terrain_mult_mountain,-0.07902268376933402,-0.09792435809993182,-0.06806186882576842,-0.06283646124397703,-0.07741039801104488,-0.08179313986490948
terrain_mult_subsea,-0.006899738179578008,-0.031031660469516626,0.0026067633275395487,-0.049279003762293466,-0.006666960022881785,-0.019819585927702367
outage_rate_mult,-0.049150073705749066,-0.0059470638709819374,-0.02927944379661614,-0.034104420144771296,-0.04658115332995974,-0.03190952894325758
veg_om_per_mile_mult,-0.007353413566258169,0.06315988647114476,0.004094519372511056,0.022873424127081918,-0.007584871619986361,-0.015969725638599813
labor_cost_mult,-0.04601834943125565,-0.005728366812611385,-0.033484411784119164,-0.034395282832060906,-0.04355063694968209,0.026455303513674068
materials_cost_mult,-0.03961012959010803,-0.21348661195573257,-0.05483223691447933,-0.09470022661767619,-0.04065829134672505,-0.13580207256165983
outage_growth_rate_mult,-0.08727288728520825,-0.035600096807550996,-0.09327143517194343,-0.07286220325185365,-0.08599106730324967,-0.0490105828254604
