,bcr_system,bcr_capital,bcr_haircut,bcr_excluding_risk
real_wacc_mult,-0.04036400404448938,-0.027878976433071474,-0.03730885898732208,0.03287814309047878
delay_years,-0.07204141864881658,-0.33864056807491993,-0.0629563383109223,-0.023044550018785356
construction_years,-0.05812864587384304,-0.09861442904921165,-0.052738808208980095,-0.0761377348637207
line_utilization_mult,-0.05301481127568084,0.016981077567528525,-0.04232624806942299,0.06629629218102423
wildfire_ignition_rate_mult,-0.5158146201624463,0.008560984010933454,-0.5120394671051901,0.01904598939988222
congestion_price_mult,0.3374170824120268,0.3368175201946688,0.3255200613340148,0.4753243924932499
congestion_flow_factor_mult,0.20700452227246968,0.2082236469294103,0.19475816397959977,0.3258840653785042
congestion_binding_hours_mult,0.43253413926821405,0.3934301492238802,0.43593817709085647,0.6664225158057312
congestion_average_exceedance_mult,0.29198679985333165,0.299630440338226,0.29121390237669303,0.44095067722974696
congestion_near_binding_hours_mult,0.11241102678918653,0.06290203224480272,0.13160412893476592,0.12596539961555128
congestion_near_binding_relief_factor_mult,0.1645373837487083,0.14295669951888354,0.15409060100667785,0.20212224580273114
congestion_saturation_factor_mult,-0.06670296336625962,-0.031088789875443057,-0.2155170613006811,-0.07755952843920488
electricity_price_mult,-0.07975510839009321,-0.042221358015089056,-0.07553106145623839,-0.11281947577195303
environmental_mitigation_cost_mult,-0.030511894576606403,0.003154257269525217,-0.027251413904598936,-0.007376970855231724
project_lifetime,-0.05393616067084627,0.06845277951058737,-0.056290778228719245,-0.010178720462546599
social_discount_rate_mult,0.18889543217146856,-0.0017964644051600572,0.18839942666029622,0.0837000411115679
wacc_nominal_mult,-0.3861669574106379,-0.5588266536294847,-0.3754935054833943,-0.07782842031578127
inflation_rate_mult,0.16946899409993443,0.22785675396393293,0.1672796364404049,0.029847442749363882
row_acquisition_cost_mult,0.026024289158768428,-0.034170157446193845,0.03175457505083389,0.0068000755563950716
row_rent_cost_mult,0.027840753786153177,0.022420693563261814,0.031380348670540785,0.020089556550628336
row_hold_cost_mult,0.05575795286614295,0.03705685618729097,0.06380959788442093,-0.0022355803953377257
terrain_mult_forested,0.03423638040422671,-0.011484127601417793,0.03434082600917788,0.04787964310714563
terrain_mult_scrubbed_flat,-0.054180157557306194,-0.09671263014033489,-0.04788053200591117,-0.055298836653740586
terrain_mult_wetland,0.05206146734963722,0.05609662329581439,0.029329659218435757,0.04590184335381504
terrain_mult_farmland,-0.0247287192079912,-0.035526172513027914,-0.015313503483372036,0.039133768152979476
terrain_mult_desert_barren,-0.037837753752819475,0.0012306803408926763,-0.030117667974088602,-0.014640162668474094
terrain_mult_urban,0.09924821386904296,0.09987710974566383,0.10012866809631217,0.07919554661718463
terrain_mult_rolling_hills,-0.017401526683629816,-0.10345492727696973,-0.007440527116967965,-0.03884709830109223
terrain_mult_mountain,-0.0801084456493961,-0.09246902743363815,-0.0713096812186802,-0.12287203191146567
terrain_mult_subsea,-0.008593428815875732,-0.01574061934021489,0.0015186835409282326,-0.05139034878165312
outage_rate_mult,-0.045546283847598304,-0.05499572217469082,-0.02535894843276036,0.06449760552895031
veg_om_per_mile_mult,-0.00879165324059156,0.06037889309881221,0.0020391337681529794,0.009026766964077379
labor_cost_mult,-0.04531028122534694,0.008971655240613784,-0.03306614517939088,-0.0022102467805197833
materials_cost_mult,-0.04174313047922754,-0.2438462649584995,-0.05612640140446005,-0.041522239135990395
outage_growth_rate_mult,-0.08727608084534273,-0.060022444693829925,-0.09321436904854499,-0.039386659851776126
