project_name,construction_type,ac_dc,capacity_mw,conductor_type,line_length_miles,line_utilization,converter_type,number_of_converters,reconductoring,old_capacity_mw,old_conductor_type,old_ac_dc,baseline_electricity_price_per_mwh,social_discount_rate,construction_years,delay_years,project_lifetime_years,scenario_id,timestamp,row_type,total_nominal,total_afudc,total_pv,conductor_nominal,structure_nominal,converter_nominal,conductor_afudc,structure_afudc,converter_afudc
S1_Rural_Overhead_AC_500MW,Overhead,AC,460,Standard Aluminum Conductor,100,0.7,LCC Converter,0,False,0,,,50.0,0.03,1,4,50,20251125_085532_692681,2025-11-25T08:55:33.193861,summary,110888367.59000002,114971506.56481408,87488976.57254337,16003827.840000002,94884539.75000001,0.0,0,0,0
S1_Rural_Overhead_AC_500MW,Overhead,AC,460,Standard Aluminum Conductor,100,0.7,LCC Converter,0,False,0,,,50.0,0.03,1,4,50,20251125_085631_105328,2025-11-25T08:56:31.590404,summary,110888367.59000002,114971506.56481408,87488976.57254337,16003827.840000002,94884539.75000001,0.0,0,0,0
S1_Rural_Overhead_AC_500MW,Overhead,AC,460,Standard Aluminum Conductor,100,0.7,LCC Converter,0,False,0,,,50.0,0.03,1,4,50,20251128_144238_783789,2025-11-28T14:42:39.761491,summary,110888367.59000002,114971506.56481408,87488976.57254337,16003827.840000002,94884539.75000001,0.0,0,0,0
S1_Rural_Overhead_AC_460MW,Overhead,AC,657,Standard Aluminum Conductor,100,0.7,LCC Converter,0,False,0,,,50.0,0.03,1,4,50,20251128_144333_750859,2025-11-28T14:43:34.238369,summary,105469704.34,109353316.9299612,83213746.33480917,16003827.840000002,89465876.5,0.0,0,0,0
S1_Rural_Overhead_AC_460MW,Overhead,AC,1792,Standard Aluminum Conductor,100,0.7,LCC Converter,0,False,0,,,50.0,0.03,1,4,50,20251128_144430_219259,2025-11-28T14:44:30.706550,summary,171497590.55,177812486.43385425,135308590.1431348,25818592.8,145678997.75,0.0,0,0,0
S1_Rural_Overhead_AC_460MW,Overhead,AC,1792,Standard Aluminum Conductor,100,0.7,LCC Converter,0,False,0,,,50.0,0.03,1,4,50,20251128_152823_824610,2025-11-28T15:28:30.700919,summary,171497590.55,177812486.43385425,135308590.1431348,25818592.8,145678997.75,0.0,0,0,0
S1_Rural_Overhead_AC_460MW,Overhead,AC,1792,Standard Aluminum Conductor,100,0.7,LCC Converter,0,False,0,,,50.0,0.03,1,4,50,20251128_152903_592556,2025-11-28T15:29:04.009194,summary,171497590.55,177812486.43385425,135308590.1431348,25818592.8,145678997.75,0.0,0,0,0
S1_Rural_Overhead_AC_460MW,Overhead,AC,1792,Standard Aluminum Conductor,100,0.7,LCC Converter,0,False,0,,,50.0,0.03,1,4,50,20251128_163304_389407,2025-11-28T16:33:05.135587,summary,171497590.55,177812486.43385425,135308590.1431348,25818592.8,145678997.75,0.0,0,0,0
S1_Rural_Overhead_AC_460MW,Underground direct-buried,AC,657,Underground Copper Conductor,100,0.7,LCC Converter,0,False,0,,,50.0,0.03,1,4,50,20251128_203450_410010,2025-11-28T20:34:50.861578,summary,5868950493.988999,6085057386.2093315,4630498973.278468,5868950493.988999,0.0,0.0,0,0,0
S1_Rural_Overhead_AC_460MW,Underground direct-buried,AC,657,Underground Copper Conductor,100,0.7,LCC Converter,0,False,0,,,50.0,0.03,1,4,50,20251128_203504_133863,2025-11-28T20:35:04.552483,summary,5868950493.988999,6085057386.2093315,4630498973.278468,5868950493.988999,0.0,0.0,0,0,0
S1_Rural_Overhead_AC_460MW,Underground direct-buried,AC,657,Underground Copper Conductor,100,0.7,LCC Converter,0,False,0,,,50.0,0.03,1,4,50,20251128_203512_016190,2025-11-28T20:35:12.440901,summary,5868950493.988999,6085057386.2093315,4630498973.278468,5868950493.988999,0.0,0.0,0,0,0
S1_Rural_Overhead_AC_460MW,Underground direct-buried,AC,657,Underground Copper Conductor,100,0.7,LCC Converter,0,False,0,,,50.0,0.03,1,4,50,20251128_203536_111341,2025-11-28T20:35:36.539239,summary,5868950493.988999,6085057386.2093315,4630498973.278468,5868950493.988999,0.0,0.0,0,0,0
S1_Rural_Overhead_AC_460MW,Underground direct-buried,AC,657,Underground Copper Conductor,100,0.7,LCC Converter,0,False,0,,,50.0,0.03,1,4,50,20251128_203852_226637,2025-11-28T20:38:52.636853,summary,5868950493.988999,6085057386.2093315,4630498973.278468,5868950493.988999,0.0,0.0,0,0,0
S1_Rural_Overhead_AC_460MW,Underground direct-buried,AC,657,Underground Copper Conductor,100,0.7,LCC Converter,0,False,0,,,50.0,0.03,1,4,50,20251128_204257_330655,2025-11-28T20:42:57.760485,summary,5868950493.988999,6085057386.2093315,4630498973.278468,5868950493.988999,0.0,0.0,0,0,0
S1_Rural_Overhead_AC_460MW,Underground direct-buried,AC,657,Underground Copper Conductor,100,0.7,LCC Converter,0,False,0,,,50.0,0.03,1,4,50,20251128_204502_187758,2025-11-28T20:45:02.602104,summary,5868950493.988999,6085057386.2093315,4630498973.278468,5868950493.988999,0.0,0.0,0,0,0
S1_Rural_Overhead_AC_460MW,Underground direct-buried,AC,657,Underground Copper Conductor,100,0.7,LCC Converter,0,False,0,,,50.0,0.03,1,4,50,20251128_205547_016188,2025-11-28T20:55:47.886448,summary,5868950493.988999,6085057386.2093315,4630498973.278468,5868950493.988999,0.0,0.0,0,0,0
S1_Rural_Overhead_AC_460MW,Underground direct-buried,AC,657,Underground Copper Conductor,100,0.7,LCC Converter,0,False,0,,,50.0,0.03,1,4,50,20251128_210150_178866,2025-11-28T21:01:50.594234,summary,5868950493.988999,6085057386.2093315,4630498973.278468,5868950493.988999,0.0,0.0,0,0,0
S1_Rural_Overhead_AC_460MW,Underground direct-buried,AC,657,Underground Copper Conductor,100,0.7,LCC Converter,0,False,0,,,50.0,0.03,1,4,50,20251128_210741_714083,2025-11-28T21:07:42.128485,summary,5868950493.988999,6085057386.2093315,4630498973.278468,5868950493.988999,0.0,0.0,0,0,0
S1_Rural_Overhead_AC_460MW,Underground direct-buried,AC,657,Underground Copper Conductor,100,0.7,LCC Converter,0,False,0,,,50.0,0.03,1,4,50,20251128_211022_426785,2025-11-28T21:10:22.905273,summary,5868950493.988999,6085057386.2093315,4630498973.278468,5868950493.988999,0.0,0.0,0,0,0
S1_Rural_Overhead_AC_460MW,Overhead,AC,657,Standard Aluminum Conductor,100,0.7,LCC Converter,0,False,0,,,50.0,0.03,1,4,50,20251128_211310_198795,2025-11-28T21:13:10.620751,summary,105469704.34,109353316.9299612,83213746.33480917,16003827.840000002,89465876.5,0.0,0,0,0
