project_name,construction_type,ac_dc,capacity_mw,conductor_type,line_length_miles,line_utilization,converter_type,number_of_converters,reconductoring,old_capacity_mw,old_conductor_type,old_ac_dc,baseline_electricity_price_per_mwh,social_discount_rate,construction_years,delay_years,project_lifetime_years,scenario_id,timestamp,row_type,benefit_or_cost,constraint_type,value_type,annual,nominal,pv
S1_Rural_Overhead_AC_500MW,Overhead,AC,460,Standard Aluminum Conductor,100,0.7,LCC Converter,0,False,0,,,50.0,0.03,1,4,50,20251125_085532_692681,2025-11-25T08:55:33.913719,detail,benefit,congestion,full,4704000.0,235200000.0,69308090.65710182
S1_Rural_Overhead_AC_500MW,Overhead,AC,460,Standard Aluminum Conductor,100,0.7,LCC Converter,0,False,0,,,50.0,0.03,1,4,50,20251125_085532_692681,2025-11-25T08:55:33.913719,detail,benefit,congestion,haircut,3763200.0,188160000.0,55446472.52568145
S1_Rural_Overhead_AC_500MW,Overhead,AC,460,Standard Aluminum Conductor,100,0.7,LCC Converter,0,False,0,,,50.0,0.03,1,4,50,20251125_085532_692681,2025-11-25T08:55:33.913719,detail,benefit,curtailment,full,450000.0,22500000.0,6630238.264391115
S1_Rural_Overhead_AC_500MW,Overhead,AC,460,Standard Aluminum Conductor,100,0.7,LCC Converter,0,False,0,,,50.0,0.03,1,4,50,20251125_085532_692681,2025-11-25T08:55:33.913719,detail,benefit,curtailment,haircut,405000.0,20250000.0,5967214.437952005
S1_Rural_Overhead_AC_500MW,Overhead,AC,460,Standard Aluminum Conductor,100,0.7,LCC Converter,0,False,0,,,50.0,0.03,1,4,50,20251125_085532_692681,2025-11-25T08:55:33.913719,detail,cost,congestion_delay,NA,,18000000,15649061.083401468
S1_Rural_Overhead_AC_500MW,Overhead,AC,460,Standard Aluminum Conductor,100,0.7,LCC Converter,0,False,0,,,50.0,0.03,1,4,50,20251125_085532_692681,2025-11-25T08:55:33.913719,detail,cost,curtailment_delay,NA,,2250000.0,1956132.6354251835
S1_Rural_Overhead_AC_500MW,Overhead,AC,460,Standard Aluminum Conductor,100,0.7,LCC Converter,0,False,0,,,50.0,0.03,1,4,50,20251125_085532_692681,2025-11-25T08:55:33.913719,detail,cost,residual_congestion,NA,0.0,0.0,0.0
S1_Rural_Overhead_AC_500MW,Overhead,AC,460,Standard Aluminum Conductor,100,0.7,LCC Converter,0,False,0,,,50.0,0.03,1,4,50,20251125_085532_692681,2025-11-25T08:55:33.913719,summary,net,all,summary,5154000.0,237450000.0,58333135.20266628
S1_Rural_Overhead_AC_500MW,Overhead,AC,460,Standard Aluminum Conductor,100,0.7,LCC Converter,0,False,0,,,50.0,0.03,1,4,50,20251125_085631_105328,2025-11-25T08:56:32.303080,detail,benefit,congestion,full,4704000.0,235200000.0,69308090.65710182
S1_Rural_Overhead_AC_500MW,Overhead,AC,460,Standard Aluminum Conductor,100,0.7,LCC Converter,0,False,0,,,50.0,0.03,1,4,50,20251125_085631_105328,2025-11-25T08:56:32.303080,detail,benefit,congestion,haircut,3763200.0,188160000.0,55446472.52568145
S1_Rural_Overhead_AC_500MW,Overhead,AC,460,Standard Aluminum Conductor,100,0.7,LCC Converter,0,False,0,,,50.0,0.03,1,4,50,20251125_085631_105328,2025-11-25T08:56:32.303080,detail,benefit,curtailment,full,450000.0,22500000.0,6630238.264391115
S1_Rural_Overhead_AC_500MW,Overhead,AC,460,Standard Aluminum Conductor,100,0.7,LCC Converter,0,False,0,,,50.0,0.03,1,4,50,20251125_085631_105328,2025-11-25T08:56:32.303080,detail,benefit,curtailment,haircut,405000.0,20250000.0,5967214.437952005
S1_Rural_Overhead_AC_500MW,Overhead,AC,460,Standard Aluminum Conductor,100,0.7,LCC Converter,0,False,0,,,50.0,0.03,1,4,50,20251125_085631_105328,2025-11-25T08:56:32.303080,detail,cost,congestion_delay,NA,,18000000,15649061.083401468
S1_Rural_Overhead_AC_500MW,Overhead,AC,460,Standard Aluminum Conductor,100,0.7,LCC Converter,0,False,0,,,50.0,0.03,1,4,50,20251125_085631_105328,2025-11-25T08:56:32.303080,detail,cost,curtailment_delay,NA,,2250000.0,1956132.6354251835
S1_Rural_Overhead_AC_500MW,Overhead,AC,460,Standard Aluminum Conductor,100,0.7,LCC Converter,0,False,0,,,50.0,0.03,1,4,50,20251125_085631_105328,2025-11-25T08:56:32.303080,detail,cost,residual_congestion,NA,0.0,0.0,0.0
S1_Rural_Overhead_AC_500MW,Overhead,AC,460,Standard Aluminum Conductor,100,0.7,LCC Converter,0,False,0,,,50.0,0.03,1,4,50,20251125_085631_105328,2025-11-25T08:56:32.303080,summary,net,all,summary,5154000.0,237450000.0,58333135.20266628
S1_Rural_Overhead_AC_500MW,Overhead,AC,460,Standard Aluminum Conductor,100,0.7,LCC Converter,0,False,0,,,50.0,0.03,1,4,50,20251128_144238_783789,2025-11-28T14:42:40.510122,detail,benefit,congestion,full,4704000.0,235200000.0,69308090.65710182
S1_Rural_Overhead_AC_500MW,Overhead,AC,460,Standard Aluminum Conductor,100,0.7,LCC Converter,0,False,0,,,50.0,0.03,1,4,50,20251128_144238_783789,2025-11-28T14:42:40.510122,detail,benefit,congestion,haircut,3763200.0,188160000.0,55446472.52568145
S1_Rural_Overhead_AC_500MW,Overhead,AC,460,Standard Aluminum Conductor,100,0.7,LCC Converter,0,False,0,,,50.0,0.03,1,4,50,20251128_144238_783789,2025-11-28T14:42:40.510122,detail,benefit,curtailment,full,450000.0,22500000.0,6630238.264391115
S1_Rural_Overhead_AC_500MW,Overhead,AC,460,Standard Aluminum Conductor,100,0.7,LCC Converter,0,False,0,,,50.0,0.03,1,4,50,20251128_144238_783789,2025-11-28T14:42:40.510122,detail,benefit,curtailment,haircut,405000.0,20250000.0,5967214.437952005
S1_Rural_Overhead_AC_500MW,Overhead,AC,460,Standard Aluminum Conductor,100,0.7,LCC Converter,0,False,0,,,50.0,0.03,1,4,50,20251128_144238_783789,2025-11-28T14:42:40.510122,detail,cost,congestion_delay,NA,,18000000,15649061.083401468
S1_Rural_Overhead_AC_500MW,Overhead,AC,460,Standard Aluminum Conductor,100,0.7,LCC Converter,0,False,0,,,50.0,0.03,1,4,50,20251128_144238_783789,2025-11-28T14:42:40.510122,detail,cost,curtailment_delay,NA,,2250000.0,1956132.6354251835
S1_Rural_Overhead_AC_500MW,Overhead,AC,460,Standard Aluminum Conductor,100,0.7,LCC Converter,0,False,0,,,50.0,0.03,1,4,50,20251128_144238_783789,2025-11-28T14:42:40.510122,detail,cost,residual_congestion,NA,0.0,0.0,0.0
S1_Rural_Overhead_AC_500MW,Overhead,AC,460,Standard Aluminum Conductor,100,0.7,LCC Converter,0,False,0,,,50.0,0.03,1,4,50,20251128_144238_783789,2025-11-28T14:42:40.510122,summary,net,all,summary,5154000.0,237450000.0,58333135.20266628
S1_Rural_Overhead_AC_460MW,Overhead,AC,657,Standard Aluminum Conductor,100,0.7,LCC Converter,0,False,0,,,50.0,0.03,1,4,50,20251128_144333_750859,2025-11-28T14:43:34.969629,detail,benefit,congestion,full,5176800.0,258840000.0,76274260.99355541
S1_Rural_Overhead_AC_460MW,Overhead,AC,657,Standard Aluminum Conductor,100,0.7,LCC Converter,0,False,0,,,50.0,0.03,1,4,50,20251128_144333_750859,2025-11-28T14:43:34.969629,detail,benefit,congestion,haircut,4141440.0,207072000.0,61019408.79484432
S1_Rural_Overhead_AC_460MW,Overhead,AC,657,Standard Aluminum Conductor,100,0.7,LCC Converter,0,False,0,,,50.0,0.03,1,4,50,20251128_144333_750859,2025-11-28T14:43:34.969629,detail,benefit,curtailment,full,450000.0,22500000.0,6630238.264391115
S1_Rural_Overhead_AC_460MW,Overhead,AC,657,Standard Aluminum Conductor,100,0.7,LCC Converter,0,False,0,,,50.0,0.03,1,4,50,20251128_144333_750859,2025-11-28T14:43:34.969629,detail,benefit,curtailment,haircut,405000.0,20250000.0,5967214.437952005
S1_Rural_Overhead_AC_460MW,Overhead,AC,657,Standard Aluminum Conductor,100,0.7,LCC Converter,0,False,0,,,50.0,0.03,1,4,50,20251128_144333_750859,2025-11-28T14:43:34.969629,detail,cost,congestion_delay,NA,,18000000,15649061.083401468
S1_Rural_Overhead_AC_460MW,Overhead,AC,657,Standard Aluminum Conductor,100,0.7,LCC Converter,0,False,0,,,50.0,0.03,1,4,50,20251128_144333_750859,2025-11-28T14:43:34.969629,detail,cost,curtailment_delay,NA,,2250000.0,1956132.6354251835
S1_Rural_Overhead_AC_460MW,Overhead,AC,657,Standard Aluminum Conductor,100,0.7,LCC Converter,0,False,0,,,50.0,0.03,1,4,50,20251128_144333_750859,2025-11-28T14:43:34.969629,detail,cost,residual_congestion,NA,0.0,0.0,0.0
S1_Rural_Overhead_AC_460MW,Overhead,AC,657,Standard Aluminum Conductor,100,0.7,LCC Converter,0,False,0,,,50.0,0.03,1,4,50,20251128_144333_750859,2025-11-28T14:43:34.969629,summary,net,all,summary,5626800.0,261090000.0,65299305.53911987
S1_Rural_Overhead_AC_460MW,Overhead,AC,1792,Standard Aluminum Conductor,100,0.7,LCC Converter,0,False,0,,,50.0,0.03,1,4,50,20251128_144430_219259,2025-11-28T14:44:31.430720,detail,benefit,congestion,full,7900800.0,395040000.0,116409303.28733633
S1_Rural_Overhead_AC_460MW,Overhead,AC,1792,Standard Aluminum Conductor,100,0.7,LCC Converter,0,False,0,,,50.0,0.03,1,4,50,20251128_144430_219259,2025-11-28T14:44:31.430720,detail,benefit,congestion,haircut,6320640.0,316032000.0,93127442.62986903
S1_Rural_Overhead_AC_460MW,Overhead,AC,1792,Standard Aluminum Conductor,100,0.7,LCC Converter,0,False,0,,,50.0,0.03,1,4,50,20251128_144430_219259,2025-11-28T14:44:31.430720,detail,benefit,curtailment,full,450000.0,22500000.0,6630238.264391115
S1_Rural_Overhead_AC_460MW,Overhead,AC,1792,Standard Aluminum Conductor,100,0.7,LCC Converter,0,False,0,,,50.0,0.03,1,4,50,20251128_144430_219259,2025-11-28T14:44:31.430720,detail,benefit,curtailment,haircut,405000.0,20250000.0,5967214.437952005
S1_Rural_Overhead_AC_460MW,Overhead,AC,1792,Standard Aluminum Conductor,100,0.7,LCC Converter,0,False,0,,,50.0,0.03,1,4,50,20251128_144430_219259,2025-11-28T14:44:31.430720,detail,cost,congestion_delay,NA,,18000000,15649061.083401468
S1_Rural_Overhead_AC_460MW,Overhead,AC,1792,Standard Aluminum Conductor,100,0.7,LCC Converter,0,False,0,,,50.0,0.03,1,4,50,20251128_144430_219259,2025-11-28T14:44:31.430720,detail,cost,curtailment_delay,NA,,2250000.0,1956132.6354251835
S1_Rural_Overhead_AC_460MW,Overhead,AC,1792,Standard Aluminum Conductor,100,0.7,LCC Converter,0,False,0,,,50.0,0.03,1,4,50,20251128_144430_219259,2025-11-28T14:44:31.430720,detail,cost,residual_congestion,NA,0.0,0.0,0.0
S1_Rural_Overhead_AC_460MW,Overhead,AC,1792,Standard Aluminum Conductor,100,0.7,LCC Converter,0,False,0,,,50.0,0.03,1,4,50,20251128_144430_219259,2025-11-28T14:44:31.430720,summary,net,all,summary,8350800.0,397290000.0,105434347.83290079
S1_Rural_Overhead_AC_460MW,Overhead,AC,1792,Standard Aluminum Conductor,100,0.7,LCC Converter,0,False,0,,,50.0,0.03,1,4,50,20251128_152823_824610,2025-11-28T15:28:31.353990,detail,benefit,congestion,full,7900800.0,395040000.0,116409303.28733633
S1_Rural_Overhead_AC_460MW,Overhead,AC,1792,Standard Aluminum Conductor,100,0.7,LCC Converter,0,False,0,,,50.0,0.03,1,4,50,20251128_152823_824610,2025-11-28T15:28:31.353990,detail,benefit,congestion,haircut,6320640.0,316032000.0,93127442.62986903
S1_Rural_Overhead_AC_460MW,Overhead,AC,1792,Standard Aluminum Conductor,100,0.7,LCC Converter,0,False,0,,,50.0,0.03,1,4,50,20251128_152823_824610,2025-11-28T15:28:31.353990,detail,benefit,curtailment,full,450000.0,22500000.0,6630238.264391115
S1_Rural_Overhead_AC_460MW,Overhead,AC,1792,Standard Aluminum Conductor,100,0.7,LCC Converter,0,False,0,,,50.0,0.03,1,4,50,20251128_152823_824610,2025-11-28T15:28:31.353990,detail,benefit,curtailment,haircut,405000.0,20250000.0,5967214.437952005
S1_Rural_Overhead_AC_460MW,Overhead,AC,1792,Standard Aluminum Conductor,100,0.7,LCC Converter,0,False,0,,,50.0,0.03,1,4,50,20251128_152823_824610,2025-11-28T15:28:31.353990,detail,cost,congestion_delay,NA,,18000000,15649061.083401468
S1_Rural_Overhead_AC_460MW,Overhead,AC,1792,Standard Aluminum Conductor,100,0.7,LCC Converter,0,False,0,,,50.0,0.03,1,4,50,20251128_152823_824610,2025-11-28T15:28:31.353990,detail,cost,curtailment_delay,NA,,2250000.0,1956132.6354251835
S1_Rural_Overhead_AC_460MW,Overhead,AC,1792,Standard Aluminum Conductor,100,0.7,LCC Converter,0,False,0,,,50.0,0.03,1,4,50,20251128_152823_824610,2025-11-28T15:28:31.353990,detail,cost,residual_congestion,NA,0.0,0.0,0.0
S1_Rural_Overhead_AC_460MW,Overhead,AC,1792,Standard Aluminum Conductor,100,0.7,LCC Converter,0,False,0,,,50.0,0.03,1,4,50,20251128_152823_824610,2025-11-28T15:28:31.353990,summary,net,all,summary,8350800.0,397290000.0,105434347.83290079
S1_Rural_Overhead_AC_460MW,Overhead,AC,1792,Standard Aluminum Conductor,100,0.7,LCC Converter,0,False,0,,,50.0,0.03,1,4,50,20251128_152903_592556,2025-11-28T15:29:04.628321,detail,benefit,congestion,full,7900800.0,395040000.0,116409303.28733633
S1_Rural_Overhead_AC_460MW,Overhead,AC,1792,Standard Aluminum Conductor,100,0.7,LCC Converter,0,False,0,,,50.0,0.03,1,4,50,20251128_152903_592556,2025-11-28T15:29:04.628321,detail,benefit,congestion,haircut,6320640.0,316032000.0,93127442.62986903
S1_Rural_Overhead_AC_460MW,Overhead,AC,1792,Standard Aluminum Conductor,100,0.7,LCC Converter,0,False,0,,,50.0,0.03,1,4,50,20251128_152903_592556,2025-11-28T15:29:04.628321,detail,benefit,curtailment,full,450000.0,22500000.0,6630238.264391115
S1_Rural_Overhead_AC_460MW,Overhead,AC,1792,Standard Aluminum Conductor,100,0.7,LCC Converter,0,False,0,,,50.0,0.03,1,4,50,20251128_152903_592556,2025-11-28T15:29:04.628321,detail,benefit,curtailment,haircut,405000.0,20250000.0,5967214.437952005
S1_Rural_Overhead_AC_460MW,Overhead,AC,1792,Standard Aluminum Conductor,100,0.7,LCC Converter,0,False,0,,,50.0,0.03,1,4,50,20251128_152903_592556,2025-11-28T15:29:04.628321,detail,cost,congestion_delay,NA,,18000000,15649061.083401468
S1_Rural_Overhead_AC_460MW,Overhead,AC,1792,Standard Aluminum Conductor,100,0.7,LCC Converter,0,False,0,,,50.0,0.03,1,4,50,20251128_152903_592556,2025-11-28T15:29:04.628321,detail,cost,curtailment_delay,NA,,2250000.0,1956132.6354251835
S1_Rural_Overhead_AC_460MW,Overhead,AC,1792,Standard Aluminum Conductor,100,0.7,LCC Converter,0,False,0,,,50.0,0.03,1,4,50,20251128_152903_592556,2025-11-28T15:29:04.628321,detail,cost,residual_congestion,NA,0.0,0.0,0.0
S1_Rural_Overhead_AC_460MW,Overhead,AC,1792,Standard Aluminum Conductor,100,0.7,LCC Converter,0,False,0,,,50.0,0.03,1,4,50,20251128_152903_592556,2025-11-28T15:29:04.628321,summary,net,all,summary,8350800.0,397290000.0,105434347.83290079
S1_Rural_Overhead_AC_460MW,Overhead,AC,1792,Standard Aluminum Conductor,100,0.7,LCC Converter,0,False,0,,,50.0,0.03,1,4,50,20251128_163304_389407,2025-11-28T16:33:05.853157,detail,benefit,congestion,full,7900800.0,395040000.0,116409303.28733633
S1_Rural_Overhead_AC_460MW,Overhead,AC,1792,Standard Aluminum Conductor,100,0.7,LCC Converter,0,False,0,,,50.0,0.03,1,4,50,20251128_163304_389407,2025-11-28T16:33:05.853157,detail,benefit,congestion,haircut,6320640.0,316032000.0,93127442.62986903
S1_Rural_Overhead_AC_460MW,Overhead,AC,1792,Standard Aluminum Conductor,100,0.7,LCC Converter,0,False,0,,,50.0,0.03,1,4,50,20251128_163304_389407,2025-11-28T16:33:05.853157,detail,benefit,curtailment,full,450000.0,22500000.0,6630238.264391115
S1_Rural_Overhead_AC_460MW,Overhead,AC,1792,Standard Aluminum Conductor,100,0.7,LCC Converter,0,False,0,,,50.0,0.03,1,4,50,20251128_163304_389407,2025-11-28T16:33:05.853157,detail,benefit,curtailment,haircut,405000.0,20250000.0,5967214.437952005
S1_Rural_Overhead_AC_460MW,Overhead,AC,1792,Standard Aluminum Conductor,100,0.7,LCC Converter,0,False,0,,,50.0,0.03,1,4,50,20251128_163304_389407,2025-11-28T16:33:05.853157,detail,cost,congestion_delay,NA,,18000000,15649061.083401468
S1_Rural_Overhead_AC_460MW,Overhead,AC,1792,Standard Aluminum Conductor,100,0.7,LCC Converter,0,False,0,,,50.0,0.03,1,4,50,20251128_163304_389407,2025-11-28T16:33:05.853157,detail,cost,curtailment_delay,NA,,2250000.0,1956132.6354251835
S1_Rural_Overhead_AC_460MW,Overhead,AC,1792,Standard Aluminum Conductor,100,0.7,LCC Converter,0,False,0,,,50.0,0.03,1,4,50,20251128_163304_389407,2025-11-28T16:33:05.853157,detail,cost,residual_congestion,NA,0.0,0.0,0.0
S1_Rural_Overhead_AC_460MW,Overhead,AC,1792,Standard Aluminum Conductor,100,0.7,LCC Converter,0,False,0,,,50.0,0.03,1,4,50,20251128_163304_389407,2025-11-28T16:33:05.853157,summary,net,all,summary,8350800.0,397290000.0,105434347.83290079
S1_Rural_Overhead_AC_460MW,Underground Direct-Buried,AC,1792,Standard Aluminum Conductor,100,0.7,LCC Converter,0,False,0,,,50.0,0.03,1,4,50,20251128_203054_703964,2025-11-28T20:30:56.123523,detail,benefit,congestion,full,7900800.0,395040000.0,116409303.28733633
S1_Rural_Overhead_AC_460MW,Underground Direct-Buried,AC,1792,Standard Aluminum Conductor,100,0.7,LCC Converter,0,False,0,,,50.0,0.03,1,4,50,20251128_203054_703964,2025-11-28T20:30:56.123523,detail,benefit,congestion,haircut,6320640.0,316032000.0,93127442.62986903
S1_Rural_Overhead_AC_460MW,Underground Direct-Buried,AC,1792,Standard Aluminum Conductor,100,0.7,LCC Converter,0,False,0,,,50.0,0.03,1,4,50,20251128_203054_703964,2025-11-28T20:30:56.123523,detail,benefit,curtailment,full,450000.0,22500000.0,6630238.264391115
S1_Rural_Overhead_AC_460MW,Underground Direct-Buried,AC,1792,Standard Aluminum Conductor,100,0.7,LCC Converter,0,False,0,,,50.0,0.03,1,4,50,20251128_203054_703964,2025-11-28T20:30:56.123523,detail,benefit,curtailment,haircut,405000.0,20250000.0,5967214.437952005
S1_Rural_Overhead_AC_460MW,Underground Direct-Buried,AC,1792,Standard Aluminum Conductor,100,0.7,LCC Converter,0,False,0,,,50.0,0.03,1,4,50,20251128_203054_703964,2025-11-28T20:30:56.123523,detail,cost,congestion_delay,NA,,18000000,15649061.083401468
S1_Rural_Overhead_AC_460MW,Underground Direct-Buried,AC,1792,Standard Aluminum Conductor,100,0.7,LCC Converter,0,False,0,,,50.0,0.03,1,4,50,20251128_203054_703964,2025-11-28T20:30:56.123523,detail,cost,curtailment_delay,NA,,2250000.0,1956132.6354251835
S1_Rural_Overhead_AC_460MW,Underground Direct-Buried,AC,1792,Standard Aluminum Conductor,100,0.7,LCC Converter,0,False,0,,,50.0,0.03,1,4,50,20251128_203054_703964,2025-11-28T20:30:56.123523,detail,cost,residual_congestion,NA,0.0,0.0,0.0
S1_Rural_Overhead_AC_460MW,Underground Direct-Buried,AC,1792,Standard Aluminum Conductor,100,0.7,LCC Converter,0,False,0,,,50.0,0.03,1,4,50,20251128_203054_703964,2025-11-28T20:30:56.123523,summary,net,all,summary,8350800.0,397290000.0,105434347.83290079
S1_Rural_Overhead_AC_460MW,Underground Direct-Buried,AC,657,Standard Aluminum Conductor,100,0.7,LCC Converter,0,False,0,,,50.0,0.03,1,4,50,20251128_203128_205064,2025-11-28T20:31:29.339117,detail,benefit,congestion,full,5176800.0,258840000.0,76274260.99355541
S1_Rural_Overhead_AC_460MW,Underground Direct-Buried,AC,657,Standard Aluminum Conductor,100,0.7,LCC Converter,0,False,0,,,50.0,0.03,1,4,50,20251128_203128_205064,2025-11-28T20:31:29.339117,detail,benefit,congestion,haircut,4141440.0,207072000.0,61019408.79484432
S1_Rural_Overhead_AC_460MW,Underground Direct-Buried,AC,657,Standard Aluminum Conductor,100,0.7,LCC Converter,0,False,0,,,50.0,0.03,1,4,50,20251128_203128_205064,2025-11-28T20:31:29.339117,detail,benefit,curtailment,full,450000.0,22500000.0,6630238.264391115
S1_Rural_Overhead_AC_460MW,Underground Direct-Buried,AC,657,Standard Aluminum Conductor,100,0.7,LCC Converter,0,False,0,,,50.0,0.03,1,4,50,20251128_203128_205064,2025-11-28T20:31:29.339117,detail,benefit,curtailment,haircut,405000.0,20250000.0,5967214.437952005
S1_Rural_Overhead_AC_460MW,Underground Direct-Buried,AC,657,Standard Aluminum Conductor,100,0.7,LCC Converter,0,False,0,,,50.0,0.03,1,4,50,20251128_203128_205064,2025-11-28T20:31:29.339117,detail,cost,congestion_delay,NA,,18000000,15649061.083401468
S1_Rural_Overhead_AC_460MW,Underground Direct-Buried,AC,657,Standard Aluminum Conductor,100,0.7,LCC Converter,0,False,0,,,50.0,0.03,1,4,50,20251128_203128_205064,2025-11-28T20:31:29.339117,detail,cost,curtailment_delay,NA,,2250000.0,1956132.6354251835
S1_Rural_Overhead_AC_460MW,Underground Direct-Buried,AC,657,Standard Aluminum Conductor,100,0.7,LCC Converter,0,False,0,,,50.0,0.03,1,4,50,20251128_203128_205064,2025-11-28T20:31:29.339117,detail,cost,residual_congestion,NA,0.0,0.0,0.0
S1_Rural_Overhead_AC_460MW,Underground Direct-Buried,AC,657,Standard Aluminum Conductor,100,0.7,LCC Converter,0,False,0,,,50.0,0.03,1,4,50,20251128_203128_205064,2025-11-28T20:31:29.339117,summary,net,all,summary,5626800.0,261090000.0,65299305.53911987
S1_Rural_Overhead_AC_460MW,Underground direct-buried,AC,657,Standard Aluminum Conductor,100,0.7,LCC Converter,0,False,0,,,50.0,0.03,1,4,50,20251128_203155_135359,2025-11-28T20:31:56.268500,detail,benefit,congestion,full,5176800.0,258840000.0,76274260.99355541
S1_Rural_Overhead_AC_460MW,Underground direct-buried,AC,657,Standard Aluminum Conductor,100,0.7,LCC Converter,0,False,0,,,50.0,0.03,1,4,50,20251128_203155_135359,2025-11-28T20:31:56.268500,detail,benefit,congestion,haircut,4141440.0,207072000.0,61019408.79484432
S1_Rural_Overhead_AC_460MW,Underground direct-buried,AC,657,Standard Aluminum Conductor,100,0.7,LCC Converter,0,False,0,,,50.0,0.03,1,4,50,20251128_203155_135359,2025-11-28T20:31:56.268500,detail,benefit,curtailment,full,450000.0,22500000.0,6630238.264391115
S1_Rural_Overhead_AC_460MW,Underground direct-buried,AC,657,Standard Aluminum Conductor,100,0.7,LCC Converter,0,False,0,,,50.0,0.03,1,4,50,20251128_203155_135359,2025-11-28T20:31:56.268500,detail,benefit,curtailment,haircut,405000.0,20250000.0,5967214.437952005
S1_Rural_Overhead_AC_460MW,Underground direct-buried,AC,657,Standard Aluminum Conductor,100,0.7,LCC Converter,0,False,0,,,50.0,0.03,1,4,50,20251128_203155_135359,2025-11-28T20:31:56.268500,detail,cost,congestion_delay,NA,,18000000,15649061.083401468
S1_Rural_Overhead_AC_460MW,Underground direct-buried,AC,657,Standard Aluminum Conductor,100,0.7,LCC Converter,0,False,0,,,50.0,0.03,1,4,50,20251128_203155_135359,2025-11-28T20:31:56.268500,detail,cost,curtailment_delay,NA,,2250000.0,1956132.6354251835
S1_Rural_Overhead_AC_460MW,Underground direct-buried,AC,657,Standard Aluminum Conductor,100,0.7,LCC Converter,0,False,0,,,50.0,0.03,1,4,50,20251128_203155_135359,2025-11-28T20:31:56.268500,detail,cost,residual_congestion,NA,0.0,0.0,0.0
S1_Rural_Overhead_AC_460MW,Underground direct-buried,AC,657,Standard Aluminum Conductor,100,0.7,LCC Converter,0,False,0,,,50.0,0.03,1,4,50,20251128_203155_135359,2025-11-28T20:31:56.268500,summary,net,all,summary,5626800.0,261090000.0,65299305.53911987
S1_Rural_Overhead_AC_460MW,Underground direct-buried,AC,657,Underground Copper Conductor,100,0.7,LCC Converter,0,False,0,,,50.0,0.03,1,4,50,20251128_203450_410010,2025-11-28T20:34:51.557061,detail,benefit,congestion,full,5176800.0,258840000.0,76274260.99355541
S1_Rural_Overhead_AC_460MW,Underground direct-buried,AC,657,Underground Copper Conductor,100,0.7,LCC Converter,0,False,0,,,50.0,0.03,1,4,50,20251128_203450_410010,2025-11-28T20:34:51.557061,detail,benefit,congestion,haircut,4141440.0,207072000.0,61019408.79484432
S1_Rural_Overhead_AC_460MW,Underground direct-buried,AC,657,Underground Copper Conductor,100,0.7,LCC Converter,0,False,0,,,50.0,0.03,1,4,50,20251128_203450_410010,2025-11-28T20:34:51.557061,detail,benefit,curtailment,full,450000.0,22500000.0,6630238.264391115
S1_Rural_Overhead_AC_460MW,Underground direct-buried,AC,657,Underground Copper Conductor,100,0.7,LCC Converter,0,False,0,,,50.0,0.03,1,4,50,20251128_203450_410010,2025-11-28T20:34:51.557061,detail,benefit,curtailment,haircut,405000.0,20250000.0,5967214.437952005
S1_Rural_Overhead_AC_460MW,Underground direct-buried,AC,657,Underground Copper Conductor,100,0.7,LCC Converter,0,False,0,,,50.0,0.03,1,4,50,20251128_203450_410010,2025-11-28T20:34:51.557061,detail,cost,congestion_delay,NA,,18000000,15649061.083401468
S1_Rural_Overhead_AC_460MW,Underground direct-buried,AC,657,Underground Copper Conductor,100,0.7,LCC Converter,0,False,0,,,50.0,0.03,1,4,50,20251128_203450_410010,2025-11-28T20:34:51.557061,detail,cost,curtailment_delay,NA,,2250000.0,1956132.6354251835
S1_Rural_Overhead_AC_460MW,Underground direct-buried,AC,657,Underground Copper Conductor,100,0.7,LCC Converter,0,False,0,,,50.0,0.03,1,4,50,20251128_203450_410010,2025-11-28T20:34:51.557061,detail,cost,residual_congestion,NA,0.0,0.0,0.0
S1_Rural_Overhead_AC_460MW,Underground direct-buried,AC,657,Underground Copper Conductor,100,0.7,LCC Converter,0,False,0,,,50.0,0.03,1,4,50,20251128_203450_410010,2025-11-28T20:34:51.557061,summary,net,all,summary,5626800.0,261090000.0,65299305.53911987
S1_Rural_Overhead_AC_460MW,Underground direct-buried,AC,657,Underground Copper Conductor,100,0.7,LCC Converter,0,False,0,,,50.0,0.03,1,4,50,20251128_203504_133863,2025-11-28T20:35:05.184222,detail,benefit,congestion,full,5176800.0,258840000.0,76274260.99355541
S1_Rural_Overhead_AC_460MW,Underground direct-buried,AC,657,Underground Copper Conductor,100,0.7,LCC Converter,0,False,0,,,50.0,0.03,1,4,50,20251128_203504_133863,2025-11-28T20:35:05.184222,detail,benefit,congestion,haircut,4141440.0,207072000.0,61019408.79484432
S1_Rural_Overhead_AC_460MW,Underground direct-buried,AC,657,Underground Copper Conductor,100,0.7,LCC Converter,0,False,0,,,50.0,0.03,1,4,50,20251128_203504_133863,2025-11-28T20:35:05.184222,detail,benefit,curtailment,full,450000.0,22500000.0,6630238.264391115
S1_Rural_Overhead_AC_460MW,Underground direct-buried,AC,657,Underground Copper Conductor,100,0.7,LCC Converter,0,False,0,,,50.0,0.03,1,4,50,20251128_203504_133863,2025-11-28T20:35:05.184222,detail,benefit,curtailment,haircut,405000.0,20250000.0,5967214.437952005
S1_Rural_Overhead_AC_460MW,Underground direct-buried,AC,657,Underground Copper Conductor,100,0.7,LCC Converter,0,False,0,,,50.0,0.03,1,4,50,20251128_203504_133863,2025-11-28T20:35:05.184222,detail,cost,congestion_delay,NA,,18000000,15649061.083401468
S1_Rural_Overhead_AC_460MW,Underground direct-buried,AC,657,Underground Copper Conductor,100,0.7,LCC Converter,0,False,0,,,50.0,0.03,1,4,50,20251128_203504_133863,2025-11-28T20:35:05.184222,detail,cost,curtailment_delay,NA,,2250000.0,1956132.6354251835
S1_Rural_Overhead_AC_460MW,Underground direct-buried,AC,657,Underground Copper Conductor,100,0.7,LCC Converter,0,False,0,,,50.0,0.03,1,4,50,20251128_203504_133863,2025-11-28T20:35:05.184222,detail,cost,residual_congestion,NA,0.0,0.0,0.0
S1_Rural_Overhead_AC_460MW,Underground direct-buried,AC,657,Underground Copper Conductor,100,0.7,LCC Converter,0,False,0,,,50.0,0.03,1,4,50,20251128_203504_133863,2025-11-28T20:35:05.184222,summary,net,all,summary,5626800.0,261090000.0,65299305.53911987
S1_Rural_Overhead_AC_460MW,Underground direct-buried,AC,657,Underground Copper Conductor,100,0.7,LCC Converter,0,False,0,,,50.0,0.03,1,4,50,20251128_203512_016190,2025-11-28T20:35:13.092231,detail,benefit,congestion,full,5176800.0,258840000.0,76274260.99355541
S1_Rural_Overhead_AC_460MW,Underground direct-buried,AC,657,Underground Copper Conductor,100,0.7,LCC Converter,0,False,0,,,50.0,0.03,1,4,50,20251128_203512_016190,2025-11-28T20:35:13.092231,detail,benefit,congestion,haircut,4141440.0,207072000.0,61019408.79484432
S1_Rural_Overhead_AC_460MW,Underground direct-buried,AC,657,Underground Copper Conductor,100,0.7,LCC Converter,0,False,0,,,50.0,0.03,1,4,50,20251128_203512_016190,2025-11-28T20:35:13.092231,detail,benefit,curtailment,full,450000.0,22500000.0,6630238.264391115
S1_Rural_Overhead_AC_460MW,Underground direct-buried,AC,657,Underground Copper Conductor,100,0.7,LCC Converter,0,False,0,,,50.0,0.03,1,4,50,20251128_203512_016190,2025-11-28T20:35:13.092231,detail,benefit,curtailment,haircut,405000.0,20250000.0,5967214.437952005
S1_Rural_Overhead_AC_460MW,Underground direct-buried,AC,657,Underground Copper Conductor,100,0.7,LCC Converter,0,False,0,,,50.0,0.03,1,4,50,20251128_203512_016190,2025-11-28T20:35:13.092231,detail,cost,congestion_delay,NA,,18000000,15649061.083401468
S1_Rural_Overhead_AC_460MW,Underground direct-buried,AC,657,Underground Copper Conductor,100,0.7,LCC Converter,0,False,0,,,50.0,0.03,1,4,50,20251128_203512_016190,2025-11-28T20:35:13.092231,detail,cost,curtailment_delay,NA,,2250000.0,1956132.6354251835
S1_Rural_Overhead_AC_460MW,Underground direct-buried,AC,657,Underground Copper Conductor,100,0.7,LCC Converter,0,False,0,,,50.0,0.03,1,4,50,20251128_203512_016190,2025-11-28T20:35:13.092231,detail,cost,residual_congestion,NA,0.0,0.0,0.0
S1_Rural_Overhead_AC_460MW,Underground direct-buried,AC,657,Underground Copper Conductor,100,0.7,LCC Converter,0,False,0,,,50.0,0.03,1,4,50,20251128_203512_016190,2025-11-28T20:35:13.092231,summary,net,all,summary,5626800.0,261090000.0,65299305.53911987
S1_Rural_Overhead_AC_460MW,Underground direct-buried,AC,657,Underground Copper Conductor,100,0.7,LCC Converter,0,False,0,,,50.0,0.03,1,4,50,20251128_203536_111341,2025-11-28T20:35:37.175998,detail,benefit,congestion,full,5176800.0,258840000.0,76274260.99355541
S1_Rural_Overhead_AC_460MW,Underground direct-buried,AC,657,Underground Copper Conductor,100,0.7,LCC Converter,0,False,0,,,50.0,0.03,1,4,50,20251128_203536_111341,2025-11-28T20:35:37.175998,detail,benefit,congestion,haircut,4141440.0,207072000.0,61019408.79484432
S1_Rural_Overhead_AC_460MW,Underground direct-buried,AC,657,Underground Copper Conductor,100,0.7,LCC Converter,0,False,0,,,50.0,0.03,1,4,50,20251128_203536_111341,2025-11-28T20:35:37.175998,detail,benefit,curtailment,full,450000.0,22500000.0,6630238.264391115
S1_Rural_Overhead_AC_460MW,Underground direct-buried,AC,657,Underground Copper Conductor,100,0.7,LCC Converter,0,False,0,,,50.0,0.03,1,4,50,20251128_203536_111341,2025-11-28T20:35:37.175998,detail,benefit,curtailment,haircut,405000.0,20250000.0,5967214.437952005
S1_Rural_Overhead_AC_460MW,Underground direct-buried,AC,657,Underground Copper Conductor,100,0.7,LCC Converter,0,False,0,,,50.0,0.03,1,4,50,20251128_203536_111341,2025-11-28T20:35:37.175998,detail,cost,congestion_delay,NA,,18000000,15649061.083401468
S1_Rural_Overhead_AC_460MW,Underground direct-buried,AC,657,Underground Copper Conductor,100,0.7,LCC Converter,0,False,0,,,50.0,0.03,1,4,50,20251128_203536_111341,2025-11-28T20:35:37.175998,detail,cost,curtailment_delay,NA,,2250000.0,1956132.6354251835
S1_Rural_Overhead_AC_460MW,Underground direct-buried,AC,657,Underground Copper Conductor,100,0.7,LCC Converter,0,False,0,,,50.0,0.03,1,4,50,20251128_203536_111341,2025-11-28T20:35:37.175998,detail,cost,residual_congestion,NA,0.0,0.0,0.0
S1_Rural_Overhead_AC_460MW,Underground direct-buried,AC,657,Underground Copper Conductor,100,0.7,LCC Converter,0,False,0,,,50.0,0.03,1,4,50,20251128_203536_111341,2025-11-28T20:35:37.175998,summary,net,all,summary,5626800.0,261090000.0,65299305.53911987
S1_Rural_Overhead_AC_460MW,Underground direct-buried,AC,657,Underground Copper Conductor,100,0.7,LCC Converter,0,False,0,,,50.0,0.03,1,4,50,20251128_203852_226637,2025-11-28T20:38:53.250739,detail,benefit,congestion,full,5176800.0,258840000.0,76274260.99355541
S1_Rural_Overhead_AC_460MW,Underground direct-buried,AC,657,Underground Copper Conductor,100,0.7,LCC Converter,0,False,0,,,50.0,0.03,1,4,50,20251128_203852_226637,2025-11-28T20:38:53.250739,detail,benefit,congestion,haircut,4141440.0,207072000.0,61019408.79484432
S1_Rural_Overhead_AC_460MW,Underground direct-buried,AC,657,Underground Copper Conductor,100,0.7,LCC Converter,0,False,0,,,50.0,0.03,1,4,50,20251128_203852_226637,2025-11-28T20:38:53.250739,detail,benefit,curtailment,full,450000.0,22500000.0,6630238.264391115
S1_Rural_Overhead_AC_460MW,Underground direct-buried,AC,657,Underground Copper Conductor,100,0.7,LCC Converter,0,False,0,,,50.0,0.03,1,4,50,20251128_203852_226637,2025-11-28T20:38:53.250739,detail,benefit,curtailment,haircut,405000.0,20250000.0,5967214.437952005
S1_Rural_Overhead_AC_460MW,Underground direct-buried,AC,657,Underground Copper Conductor,100,0.7,LCC Converter,0,False,0,,,50.0,0.03,1,4,50,20251128_203852_226637,2025-11-28T20:38:53.250739,detail,cost,congestion_delay,NA,,18000000,15649061.083401468
S1_Rural_Overhead_AC_460MW,Underground direct-buried,AC,657,Underground Copper Conductor,100,0.7,LCC Converter,0,False,0,,,50.0,0.03,1,4,50,20251128_203852_226637,2025-11-28T20:38:53.250739,detail,cost,curtailment_delay,NA,,2250000.0,1956132.6354251835
S1_Rural_Overhead_AC_460MW,Underground direct-buried,AC,657,Underground Copper Conductor,100,0.7,LCC Converter,0,False,0,,,50.0,0.03,1,4,50,20251128_203852_226637,2025-11-28T20:38:53.250739,detail,cost,residual_congestion,NA,0.0,0.0,0.0
S1_Rural_Overhead_AC_460MW,Underground direct-buried,AC,657,Underground Copper Conductor,100,0.7,LCC Converter,0,False,0,,,50.0,0.03,1,4,50,20251128_203852_226637,2025-11-28T20:38:53.250739,summary,net,all,summary,5626800.0,261090000.0,65299305.53911987
S1_Rural_Overhead_AC_460MW,Underground direct-buried,AC,657,Underground Copper Conductor,100,0.7,LCC Converter,0,False,0,,,50.0,0.03,1,4,50,20251128_204257_330655,2025-11-28T20:42:58.379644,detail,benefit,congestion,full,5176800.0,258840000.0,76274260.99355541
S1_Rural_Overhead_AC_460MW,Underground direct-buried,AC,657,Underground Copper Conductor,100,0.7,LCC Converter,0,False,0,,,50.0,0.03,1,4,50,20251128_204257_330655,2025-11-28T20:42:58.379644,detail,benefit,congestion,haircut,4141440.0,207072000.0,61019408.79484432
S1_Rural_Overhead_AC_460MW,Underground direct-buried,AC,657,Underground Copper Conductor,100,0.7,LCC Converter,0,False,0,,,50.0,0.03,1,4,50,20251128_204257_330655,2025-11-28T20:42:58.379644,detail,benefit,curtailment,full,450000.0,22500000.0,6630238.264391115
S1_Rural_Overhead_AC_460MW,Underground direct-buried,AC,657,Underground Copper Conductor,100,0.7,LCC Converter,0,False,0,,,50.0,0.03,1,4,50,20251128_204257_330655,2025-11-28T20:42:58.379644,detail,benefit,curtailment,haircut,405000.0,20250000.0,5967214.437952005
S1_Rural_Overhead_AC_460MW,Underground direct-buried,AC,657,Underground Copper Conductor,100,0.7,LCC Converter,0,False,0,,,50.0,0.03,1,4,50,20251128_204257_330655,2025-11-28T20:42:58.379644,detail,cost,congestion_delay,NA,,18000000,15649061.083401468
S1_Rural_Overhead_AC_460MW,Underground direct-buried,AC,657,Underground Copper Conductor,100,0.7,LCC Converter,0,False,0,,,50.0,0.03,1,4,50,20251128_204257_330655,2025-11-28T20:42:58.379644,detail,cost,curtailment_delay,NA,,2250000.0,1956132.6354251835
S1_Rural_Overhead_AC_460MW,Underground direct-buried,AC,657,Underground Copper Conductor,100,0.7,LCC Converter,0,False,0,,,50.0,0.03,1,4,50,20251128_204257_330655,2025-11-28T20:42:58.379644,detail,cost,residual_congestion,NA,0.0,0.0,0.0
S1_Rural_Overhead_AC_460MW,Underground direct-buried,AC,657,Underground Copper Conductor,100,0.7,LCC Converter,0,False,0,,,50.0,0.03,1,4,50,20251128_204257_330655,2025-11-28T20:42:58.379644,summary,net,all,summary,5626800.0,261090000.0,65299305.53911987
S1_Rural_Overhead_AC_460MW,Underground direct-buried,AC,657,Underground Copper Conductor,100,0.7,LCC Converter,0,False,0,,,50.0,0.03,1,4,50,20251128_204502_187758,2025-11-28T20:45:03.222838,detail,benefit,congestion,full,5176800.0,258840000.0,76274260.99355541
S1_Rural_Overhead_AC_460MW,Underground direct-buried,AC,657,Underground Copper Conductor,100,0.7,LCC Converter,0,False,0,,,50.0,0.03,1,4,50,20251128_204502_187758,2025-11-28T20:45:03.222838,detail,benefit,congestion,haircut,4141440.0,207072000.0,61019408.79484432
S1_Rural_Overhead_AC_460MW,Underground direct-buried,AC,657,Underground Copper Conductor,100,0.7,LCC Converter,0,False,0,,,50.0,0.03,1,4,50,20251128_204502_187758,2025-11-28T20:45:03.222838,detail,benefit,curtailment,full,450000.0,22500000.0,6630238.264391115
S1_Rural_Overhead_AC_460MW,Underground direct-buried,AC,657,Underground Copper Conductor,100,0.7,LCC Converter,0,False,0,,,50.0,0.03,1,4,50,20251128_204502_187758,2025-11-28T20:45:03.222838,detail,benefit,curtailment,haircut,405000.0,20250000.0,5967214.437952005
S1_Rural_Overhead_AC_460MW,Underground direct-buried,AC,657,Underground Copper Conductor,100,0.7,LCC Converter,0,False,0,,,50.0,0.03,1,4,50,20251128_204502_187758,2025-11-28T20:45:03.222838,detail,cost,congestion_delay,NA,,18000000,15649061.083401468
S1_Rural_Overhead_AC_460MW,Underground direct-buried,AC,657,Underground Copper Conductor,100,0.7,LCC Converter,0,False,0,,,50.0,0.03,1,4,50,20251128_204502_187758,2025-11-28T20:45:03.222838,detail,cost,curtailment_delay,NA,,2250000.0,1956132.6354251835
S1_Rural_Overhead_AC_460MW,Underground direct-buried,AC,657,Underground Copper Conductor,100,0.7,LCC Converter,0,False,0,,,50.0,0.03,1,4,50,20251128_204502_187758,2025-11-28T20:45:03.222838,detail,cost,residual_congestion,NA,0.0,0.0,0.0
S1_Rural_Overhead_AC_460MW,Underground direct-buried,AC,657,Underground Copper Conductor,100,0.7,LCC Converter,0,False,0,,,50.0,0.03,1,4,50,20251128_204502_187758,2025-11-28T20:45:03.222838,summary,net,all,summary,5626800.0,261090000.0,65299305.53911987
S1_Rural_Overhead_AC_460MW,Underground direct-buried,AC,657,Underground Copper Conductor,100,0.7,LCC Converter,0,False,0,,,50.0,0.03,1,4,50,20251128_205547_016188,2025-11-28T20:55:48.549735,detail,benefit,congestion,full,5176800.0,258840000.0,76274260.99355541
S1_Rural_Overhead_AC_460MW,Underground direct-buried,AC,657,Underground Copper Conductor,100,0.7,LCC Converter,0,False,0,,,50.0,0.03,1,4,50,20251128_205547_016188,2025-11-28T20:55:48.549735,detail,benefit,congestion,haircut,4141440.0,207072000.0,61019408.79484432
S1_Rural_Overhead_AC_460MW,Underground direct-buried,AC,657,Underground Copper Conductor,100,0.7,LCC Converter,0,False,0,,,50.0,0.03,1,4,50,20251128_205547_016188,2025-11-28T20:55:48.549735,detail,benefit,curtailment,full,450000.0,22500000.0,6630238.264391115
S1_Rural_Overhead_AC_460MW,Underground direct-buried,AC,657,Underground Copper Conductor,100,0.7,LCC Converter,0,False,0,,,50.0,0.03,1,4,50,20251128_205547_016188,2025-11-28T20:55:48.549735,detail,benefit,curtailment,haircut,405000.0,20250000.0,5967214.437952005
S1_Rural_Overhead_AC_460MW,Underground direct-buried,AC,657,Underground Copper Conductor,100,0.7,LCC Converter,0,False,0,,,50.0,0.03,1,4,50,20251128_205547_016188,2025-11-28T20:55:48.549735,detail,cost,congestion_delay,NA,,18000000,15649061.083401468
S1_Rural_Overhead_AC_460MW,Underground direct-buried,AC,657,Underground Copper Conductor,100,0.7,LCC Converter,0,False,0,,,50.0,0.03,1,4,50,20251128_205547_016188,2025-11-28T20:55:48.549735,detail,cost,curtailment_delay,NA,,2250000.0,1956132.6354251835
S1_Rural_Overhead_AC_460MW,Underground direct-buried,AC,657,Underground Copper Conductor,100,0.7,LCC Converter,0,False,0,,,50.0,0.03,1,4,50,20251128_205547_016188,2025-11-28T20:55:48.549735,detail,cost,residual_congestion,NA,0.0,0.0,0.0
S1_Rural_Overhead_AC_460MW,Underground direct-buried,AC,657,Underground Copper Conductor,100,0.7,LCC Converter,0,False,0,,,50.0,0.03,1,4,50,20251128_205547_016188,2025-11-28T20:55:48.549735,summary,net,all,summary,5626800.0,261090000.0,65299305.53911987
S1_Rural_Overhead_AC_460MW,Underground direct-buried,AC,657,Underground Copper Conductor,100,0.7,LCC Converter,0,False,0,,,50.0,0.03,1,4,50,20251128_210150_178866,2025-11-28T21:01:51.215648,detail,benefit,congestion,full,5176800.0,258840000.0,76274260.99355541
S1_Rural_Overhead_AC_460MW,Underground direct-buried,AC,657,Underground Copper Conductor,100,0.7,LCC Converter,0,False,0,,,50.0,0.03,1,4,50,20251128_210150_178866,2025-11-28T21:01:51.215648,detail,benefit,congestion,haircut,4141440.0,207072000.0,61019408.79484432
S1_Rural_Overhead_AC_460MW,Underground direct-buried,AC,657,Underground Copper Conductor,100,0.7,LCC Converter,0,False,0,,,50.0,0.03,1,4,50,20251128_210150_178866,2025-11-28T21:01:51.215648,detail,benefit,curtailment,full,450000.0,22500000.0,6630238.264391115
S1_Rural_Overhead_AC_460MW,Underground direct-buried,AC,657,Underground Copper Conductor,100,0.7,LCC Converter,0,False,0,,,50.0,0.03,1,4,50,20251128_210150_178866,2025-11-28T21:01:51.215648,detail,benefit,curtailment,haircut,405000.0,20250000.0,5967214.437952005
S1_Rural_Overhead_AC_460MW,Underground direct-buried,AC,657,Underground Copper Conductor,100,0.7,LCC Converter,0,False,0,,,50.0,0.03,1,4,50,20251128_210150_178866,2025-11-28T21:01:51.215648,detail,cost,congestion_delay,NA,,18000000,15649061.083401468
S1_Rural_Overhead_AC_460MW,Underground direct-buried,AC,657,Underground Copper Conductor,100,0.7,LCC Converter,0,False,0,,,50.0,0.03,1,4,50,20251128_210150_178866,2025-11-28T21:01:51.215648,detail,cost,curtailment_delay,NA,,2250000.0,1956132.6354251835
S1_Rural_Overhead_AC_460MW,Underground direct-buried,AC,657,Underground Copper Conductor,100,0.7,LCC Converter,0,False,0,,,50.0,0.03,1,4,50,20251128_210150_178866,2025-11-28T21:01:51.215648,detail,cost,residual_congestion,NA,0.0,0.0,0.0
S1_Rural_Overhead_AC_460MW,Underground direct-buried,AC,657,Underground Copper Conductor,100,0.7,LCC Converter,0,False,0,,,50.0,0.03,1,4,50,20251128_210150_178866,2025-11-28T21:01:51.215648,summary,net,all,summary,5626800.0,261090000.0,65299305.53911987
S1_Rural_Overhead_AC_460MW,Underground direct-buried,AC,657,Underground Copper Conductor,100,0.7,LCC Converter,0,False,0,,,50.0,0.03,1,4,50,20251128_210741_714083,2025-11-28T21:07:42.749612,detail,benefit,congestion,full,5176800.0,258840000.0,76274260.99355541
S1_Rural_Overhead_AC_460MW,Underground direct-buried,AC,657,Underground Copper Conductor,100,0.7,LCC Converter,0,False,0,,,50.0,0.03,1,4,50,20251128_210741_714083,2025-11-28T21:07:42.749612,detail,benefit,congestion,haircut,4141440.0,207072000.0,61019408.79484432
S1_Rural_Overhead_AC_460MW,Underground direct-buried,AC,657,Underground Copper Conductor,100,0.7,LCC Converter,0,False,0,,,50.0,0.03,1,4,50,20251128_210741_714083,2025-11-28T21:07:42.749612,detail,benefit,curtailment,full,450000.0,22500000.0,6630238.264391115
S1_Rural_Overhead_AC_460MW,Underground direct-buried,AC,657,Underground Copper Conductor,100,0.7,LCC Converter,0,False,0,,,50.0,0.03,1,4,50,20251128_210741_714083,2025-11-28T21:07:42.749612,detail,benefit,curtailment,haircut,405000.0,20250000.0,5967214.437952005
S1_Rural_Overhead_AC_460MW,Underground direct-buried,AC,657,Underground Copper Conductor,100,0.7,LCC Converter,0,False,0,,,50.0,0.03,1,4,50,20251128_210741_714083,2025-11-28T21:07:42.749612,detail,cost,congestion_delay,NA,,18000000,15649061.083401468
S1_Rural_Overhead_AC_460MW,Underground direct-buried,AC,657,Underground Copper Conductor,100,0.7,LCC Converter,0,False,0,,,50.0,0.03,1,4,50,20251128_210741_714083,2025-11-28T21:07:42.749612,detail,cost,curtailment_delay,NA,,2250000.0,1956132.6354251835
S1_Rural_Overhead_AC_460MW,Underground direct-buried,AC,657,Underground Copper Conductor,100,0.7,LCC Converter,0,False,0,,,50.0,0.03,1,4,50,20251128_210741_714083,2025-11-28T21:07:42.749612,detail,cost,residual_congestion,NA,0.0,0.0,0.0
S1_Rural_Overhead_AC_460MW,Underground direct-buried,AC,657,Underground Copper Conductor,100,0.7,LCC Converter,0,False,0,,,50.0,0.03,1,4,50,20251128_210741_714083,2025-11-28T21:07:42.749612,summary,net,all,summary,5626800.0,261090000.0,65299305.53911987
S1_Rural_Overhead_AC_460MW,Underground direct-buried,AC,657,Underground Copper Conductor,100,0.7,LCC Converter,0,False,0,,,50.0,0.03,1,4,50,20251128_211022_426785,2025-11-28T21:10:23.632640,detail,benefit,congestion,full,5176800.0,258840000.0,76274260.99355541
S1_Rural_Overhead_AC_460MW,Underground direct-buried,AC,657,Underground Copper Conductor,100,0.7,LCC Converter,0,False,0,,,50.0,0.03,1,4,50,20251128_211022_426785,2025-11-28T21:10:23.632640,detail,benefit,congestion,haircut,4141440.0,207072000.0,61019408.79484432
S1_Rural_Overhead_AC_460MW,Underground direct-buried,AC,657,Underground Copper Conductor,100,0.7,LCC Converter,0,False,0,,,50.0,0.03,1,4,50,20251128_211022_426785,2025-11-28T21:10:23.632640,detail,benefit,curtailment,full,450000.0,22500000.0,6630238.264391115
S1_Rural_Overhead_AC_460MW,Underground direct-buried,AC,657,Underground Copper Conductor,100,0.7,LCC Converter,0,False,0,,,50.0,0.03,1,4,50,20251128_211022_426785,2025-11-28T21:10:23.632640,detail,benefit,curtailment,haircut,405000.0,20250000.0,5967214.437952005
S1_Rural_Overhead_AC_460MW,Underground direct-buried,AC,657,Underground Copper Conductor,100,0.7,LCC Converter,0,False,0,,,50.0,0.03,1,4,50,20251128_211022_426785,2025-11-28T21:10:23.632640,detail,cost,congestion_delay,NA,,18000000,15649061.083401468
S1_Rural_Overhead_AC_460MW,Underground direct-buried,AC,657,Underground Copper Conductor,100,0.7,LCC Converter,0,False,0,,,50.0,0.03,1,4,50,20251128_211022_426785,2025-11-28T21:10:23.632640,detail,cost,curtailment_delay,NA,,2250000.0,1956132.6354251835
S1_Rural_Overhead_AC_460MW,Underground direct-buried,AC,657,Underground Copper Conductor,100,0.7,LCC Converter,0,False,0,,,50.0,0.03,1,4,50,20251128_211022_426785,2025-11-28T21:10:23.632640,detail,cost,residual_congestion,NA,0.0,0.0,0.0
S1_Rural_Overhead_AC_460MW,Underground direct-buried,AC,657,Underground Copper Conductor,100,0.7,LCC Converter,0,False,0,,,50.0,0.03,1,4,50,20251128_211022_426785,2025-11-28T21:10:23.632640,summary,net,all,summary,5626800.0,261090000.0,65299305.53911987
S1_Rural_Overhead_AC_460MW,Underground direct-buried,AC,657,Standard Aluminum Conductor,100,0.7,LCC Converter,0,False,0,,,50.0,0.03,1,4,50,20251128_211256_896455,2025-11-28T21:12:57.931918,detail,benefit,congestion,full,5176800.0,258840000.0,76274260.99355541
S1_Rural_Overhead_AC_460MW,Underground direct-buried,AC,657,Standard Aluminum Conductor,100,0.7,LCC Converter,0,False,0,,,50.0,0.03,1,4,50,20251128_211256_896455,2025-11-28T21:12:57.931918,detail,benefit,congestion,haircut,4141440.0,207072000.0,61019408.79484432
S1_Rural_Overhead_AC_460MW,Underground direct-buried,AC,657,Standard Aluminum Conductor,100,0.7,LCC Converter,0,False,0,,,50.0,0.03,1,4,50,20251128_211256_896455,2025-11-28T21:12:57.931918,detail,benefit,curtailment,full,450000.0,22500000.0,6630238.264391115
S1_Rural_Overhead_AC_460MW,Underground direct-buried,AC,657,Standard Aluminum Conductor,100,0.7,LCC Converter,0,False,0,,,50.0,0.03,1,4,50,20251128_211256_896455,2025-11-28T21:12:57.931918,detail,benefit,curtailment,haircut,405000.0,20250000.0,5967214.437952005
S1_Rural_Overhead_AC_460MW,Underground direct-buried,AC,657,Standard Aluminum Conductor,100,0.7,LCC Converter,0,False,0,,,50.0,0.03,1,4,50,20251128_211256_896455,2025-11-28T21:12:57.931918,detail,cost,congestion_delay,NA,,18000000,15649061.083401468
S1_Rural_Overhead_AC_460MW,Underground direct-buried,AC,657,Standard Aluminum Conductor,100,0.7,LCC Converter,0,False,0,,,50.0,0.03,1,4,50,20251128_211256_896455,2025-11-28T21:12:57.931918,detail,cost,curtailment_delay,NA,,2250000.0,1956132.6354251835
S1_Rural_Overhead_AC_460MW,Underground direct-buried,AC,657,Standard Aluminum Conductor,100,0.7,LCC Converter,0,False,0,,,50.0,0.03,1,4,50,20251128_211256_896455,2025-11-28T21:12:57.931918,detail,cost,residual_congestion,NA,0.0,0.0,0.0
S1_Rural_Overhead_AC_460MW,Underground direct-buried,AC,657,Standard Aluminum Conductor,100,0.7,LCC Converter,0,False,0,,,50.0,0.03,1,4,50,20251128_211256_896455,2025-11-28T21:12:57.931918,summary,net,all,summary,5626800.0,261090000.0,65299305.53911987
S1_Rural_Overhead_AC_460MW,Overhead,AC,657,Standard Aluminum Conductor,100,0.7,LCC Converter,0,False,0,,,50.0,0.03,1,4,50,20251128_211310_198795,2025-11-28T21:13:11.264592,detail,benefit,congestion,full,5176800.0,258840000.0,76274260.99355541
S1_Rural_Overhead_AC_460MW,Overhead,AC,657,Standard Aluminum Conductor,100,0.7,LCC Converter,0,False,0,,,50.0,0.03,1,4,50,20251128_211310_198795,2025-11-28T21:13:11.264592,detail,benefit,congestion,haircut,4141440.0,207072000.0,61019408.79484432
S1_Rural_Overhead_AC_460MW,Overhead,AC,657,Standard Aluminum Conductor,100,0.7,LCC Converter,0,False,0,,,50.0,0.03,1,4,50,20251128_211310_198795,2025-11-28T21:13:11.264592,detail,benefit,curtailment,full,450000.0,22500000.0,6630238.264391115
S1_Rural_Overhead_AC_460MW,Overhead,AC,657,Standard Aluminum Conductor,100,0.7,LCC Converter,0,False,0,,,50.0,0.03,1,4,50,20251128_211310_198795,2025-11-28T21:13:11.264592,detail,benefit,curtailment,haircut,405000.0,20250000.0,5967214.437952005
S1_Rural_Overhead_AC_460MW,Overhead,AC,657,Standard Aluminum Conductor,100,0.7,LCC Converter,0,False,0,,,50.0,0.03,1,4,50,20251128_211310_198795,2025-11-28T21:13:11.264592,detail,cost,congestion_delay,NA,,18000000,15649061.083401468
S1_Rural_Overhead_AC_460MW,Overhead,AC,657,Standard Aluminum Conductor,100,0.7,LCC Converter,0,False,0,,,50.0,0.03,1,4,50,20251128_211310_198795,2025-11-28T21:13:11.264592,detail,cost,curtailment_delay,NA,,2250000.0,1956132.6354251835
S1_Rural_Overhead_AC_460MW,Overhead,AC,657,Standard Aluminum Conductor,100,0.7,LCC Converter,0,False,0,,,50.0,0.03,1,4,50,20251128_211310_198795,2025-11-28T21:13:11.264592,detail,cost,residual_congestion,NA,0.0,0.0,0.0
S1_Rural_Overhead_AC_460MW,Overhead,AC,657,Standard Aluminum Conductor,100,0.7,LCC Converter,0,False,0,,,50.0,0.03,1,4,50,20251128_211310_198795,2025-11-28T21:13:11.264592,summary,net,all,summary,5626800.0,261090000.0,65299305.53911987
