project_name,construction_type,ac_dc,capacity_mw,conductor_type,line_length_miles,line_utilization,converter_type,number_of_converters,reconductoring,old_capacity_mw,old_conductor_type,old_ac_dc,baseline_electricity_price_per_mwh,social_discount_rate,construction_years,delay_years,project_lifetime_years,scenario_id,timestamp,row_type,pollutant,emissions_kg,cost_nominal,cost_pv
S1_Rural_Overhead_AC_500MW,Overhead,AC,460,Standard Aluminum Conductor,100,0.7,LCC Converter,0,False,0,,,50.0,0.03,1,4,50,20251120_144634_836395,2025-11-20T14:46:36.140129,detail,co2,4369867497.151451,222863242.35472393,114803745.7890134
S1_Rural_Overhead_AC_500MW,Overhead,AC,460,Standard Aluminum Conductor,100,0.7,LCC Converter,0,False,0,,,50.0,0.03,1,4,50,20251120_144634_836395,2025-11-20T14:46:36.140129,detail,sox,12854600.534093354,79698523.3113788,48517993.10952109
S1_Rural_Overhead_AC_500MW,Overhead,AC,460,Standard Aluminum Conductor,100,0.7,LCC Converter,0,False,0,,,50.0,0.03,1,4,50,20251120_144634_836395,2025-11-20T14:46:36.140129,detail,nox,5211901.115557523,26059505.577787604,15266088.096975565
S1_Rural_Overhead_AC_500MW,Overhead,AC,460,Standard Aluminum Conductor,100,0.7,LCC Converter,0,False,0,,,50.0,0.03,1,4,50,20251120_144634_836395,2025-11-20T14:46:36.140129,summary,all,,328621271.2438904,178587826.99551013
S1_Rural_Overhead_AC_500MW,Overhead,AC,460,Standard Aluminum Conductor,100,0.7,LCC Converter,0,False,0,,,50.0,0.03,1,4,50,20251120_144700_033746,2025-11-20T14:47:01.239238,detail,co2,4369867497.151451,222863242.35472393,114803745.7890134
S1_Rural_Overhead_AC_500MW,Overhead,AC,460,Standard Aluminum Conductor,100,0.7,LCC Converter,0,False,0,,,50.0,0.03,1,4,50,20251120_144700_033746,2025-11-20T14:47:01.239238,detail,sox,12854600.534093354,79698523.3113788,48517993.10952109
S1_Rural_Overhead_AC_500MW,Overhead,AC,460,Standard Aluminum Conductor,100,0.7,LCC Converter,0,False,0,,,50.0,0.03,1,4,50,20251120_144700_033746,2025-11-20T14:47:01.239238,detail,nox,5211901.115557523,26059505.577787604,15266088.096975565
S1_Rural_Overhead_AC_500MW,Overhead,AC,460,Standard Aluminum Conductor,100,0.7,LCC Converter,0,False,0,,,50.0,0.03,1,4,50,20251120_144700_033746,2025-11-20T14:47:01.239238,summary,all,,328621271.2438904,178587826.99551013
S1_Rural_Overhead_AC_500MW,Overhead,AC,460,Standard Aluminum Conductor,100,0.7,LCC Converter,0,False,0,,,50.0,0.03,1,4,50,20251120_144721_192503,2025-11-20T14:47:22.490517,detail,co2,4369867497.151451,222863242.35472393,114803745.7890134
S1_Rural_Overhead_AC_500MW,Overhead,AC,460,Standard Aluminum Conductor,100,0.7,LCC Converter,0,False,0,,,50.0,0.03,1,4,50,20251120_144721_192503,2025-11-20T14:47:22.490517,detail,sox,12854600.534093354,79698523.3113788,48517993.10952109
S1_Rural_Overhead_AC_500MW,Overhead,AC,460,Standard Aluminum Conductor,100,0.7,LCC Converter,0,False,0,,,50.0,0.03,1,4,50,20251120_144721_192503,2025-11-20T14:47:22.490517,detail,nox,5211901.115557523,26059505.577787604,15266088.096975565
S1_Rural_Overhead_AC_500MW,Overhead,AC,460,Standard Aluminum Conductor,100,0.7,LCC Converter,0,False,0,,,50.0,0.03,1,4,50,20251120_144721_192503,2025-11-20T14:47:22.490517,summary,all,,328621271.2438904,178587826.99551013
