project_name,construction_type,ac_dc,capacity_mw,conductor_type,line_length_miles,line_utilization,converter_type,number_of_converters,reconductoring,old_capacity_mw,old_conductor_type,old_ac_dc,baseline_electricity_price_per_mwh,social_discount_rate,construction_years,delay_years,project_lifetime_years,scenario_id,timestamp,row_type,total_nominal,total_afudc,total_pv,base_cost_nominal,credits_nominal
S1_Rural_Overhead_AC_500MW,Overhead,AC,460,Standard Aluminum Conductor,100,0.7,LCC Converter,0,False,0,,,50.0,0.03,1,4,50,20251125_085532_692681,2025-11-25T08:55:33.571754,summary,36742424.24242424,38352768.090597644,28989128.108093772,3030303.030303031,33712121.21212121
S1_Rural_Overhead_AC_500MW,Overhead,AC,460,Standard Aluminum Conductor,100,0.7,LCC Converter,0,False,0,,,50.0,0.03,1,4,50,20251125_085631_105328,2025-11-25T08:56:31.957459,summary,36742424.24242424,38352768.090597644,28989128.108093772,3030303.030303031,33712121.21212121
S1_Rural_Overhead_AC_500MW,Overhead,AC,460,Standard Aluminum Conductor,100,0.7,LCC Converter,0,False,0,,,50.0,0.03,1,4,50,20251128_144238_783789,2025-11-28T14:42:40.155740,summary,36742424.24242424,38352768.090597644,28989128.108093772,3030303.030303031,33712121.21212121
S1_Rural_Overhead_AC_460MW,Overhead,AC,657,Standard Aluminum Conductor,100,0.7,LCC Converter,0,False,0,,,50.0,0.03,1,4,50,20251128_144333_750859,2025-11-28T14:43:34.618632,summary,44090909.09090909,46023321.70871717,34786953.72971253,3636363.636363637,40454545.45454545
S1_Rural_Overhead_AC_460MW,Overhead,AC,1792,Standard Aluminum Conductor,100,0.7,LCC Converter,0,False,0,,,50.0,0.03,1,4,50,20251128_144430_219259,2025-11-28T14:44:31.079994,summary,55113636.36363636,57529152.13589647,43483692.16214067,4545454.545454546,50568181.81818182
S1_Rural_Overhead_AC_460MW,Overhead,AC,1792,Standard Aluminum Conductor,100,0.7,LCC Converter,0,False,0,,,50.0,0.03,1,4,50,20251128_152823_824610,2025-11-28T15:28:31.060254,summary,55113636.36363636,57529152.13589647,43483692.16214067,4545454.545454546,50568181.81818182
S1_Rural_Overhead_AC_460MW,Overhead,AC,1792,Standard Aluminum Conductor,100,0.7,LCC Converter,0,False,0,,,50.0,0.03,1,4,50,20251128_152903_592556,2025-11-28T15:29:04.339835,summary,55113636.36363636,57529152.13589647,43483692.16214067,4545454.545454546,50568181.81818182
S1_Rural_Overhead_AC_460MW,Overhead,AC,1792,Standard Aluminum Conductor,100,0.7,LCC Converter,0,False,0,,,50.0,0.03,1,4,50,20251128_163304_389407,2025-11-28T16:33:05.522795,summary,55113636.36363636,57529152.13589647,43483692.16214067,4545454.545454546,50568181.81818182
S1_Rural_Overhead_AC_460MW,Underground direct-buried,AC,657,Underground Copper Conductor,100,0.7,LCC Converter,0,False,0,,,50.0,0.03,1,4,50,20251128_203450_410010,2025-11-28T20:34:51.237419,summary,11022727.272727273,11505830.427179292,8696738.432428133,909090.9090909093,10113636.363636363
S1_Rural_Overhead_AC_460MW,Underground direct-buried,AC,657,Underground Copper Conductor,100,0.7,LCC Converter,0,False,0,,,50.0,0.03,1,4,50,20251128_203504_133863,2025-11-28T20:35:04.893689,summary,11022727.272727273,11505830.427179292,8696738.432428133,909090.9090909093,10113636.363636363
S1_Rural_Overhead_AC_460MW,Underground direct-buried,AC,657,Underground Copper Conductor,100,0.7,LCC Converter,0,False,0,,,50.0,0.03,1,4,50,20251128_203512_016190,2025-11-28T20:35:12.793128,summary,11022727.272727273,11505830.427179292,8696738.432428133,909090.9090909093,10113636.363636363
S1_Rural_Overhead_AC_460MW,Underground direct-buried,AC,657,Underground Copper Conductor,100,0.7,LCC Converter,0,False,0,,,50.0,0.03,1,4,50,20251128_203536_111341,2025-11-28T20:35:36.884831,summary,11022727.272727273,11505830.427179292,8696738.432428133,909090.9090909093,10113636.363636363
S1_Rural_Overhead_AC_460MW,Underground direct-buried,AC,657,Underground Copper Conductor,100,0.7,LCC Converter,0,False,0,,,50.0,0.03,1,4,50,20251128_203852_226637,2025-11-28T20:38:52.963880,summary,11022727.272727273,11505830.427179292,8696738.432428133,909090.9090909093,10113636.363636363
S1_Rural_Overhead_AC_460MW,Underground direct-buried,AC,657,Underground Copper Conductor,100,0.7,LCC Converter,0,False,0,,,50.0,0.03,1,4,50,20251128_204257_330655,2025-11-28T20:42:58.094049,summary,11022727.272727273,11505830.427179292,8696738.432428133,909090.9090909093,10113636.363636363
S1_Rural_Overhead_AC_460MW,Underground direct-buried,AC,657,Underground Copper Conductor,100,0.7,LCC Converter,0,False,0,,,50.0,0.03,1,4,50,20251128_204502_187758,2025-11-28T20:45:02.934722,summary,11022727.272727273,11505830.427179292,8696738.432428133,909090.9090909093,10113636.363636363
S1_Rural_Overhead_AC_460MW,Underground direct-buried,AC,657,Underground Copper Conductor,100,0.7,LCC Converter,0,False,0,,,50.0,0.03,1,4,50,20251128_205547_016188,2025-11-28T20:55:48.247040,summary,11022727.272727273,11505830.427179292,8696738.432428133,909090.9090909093,10113636.363636363
S1_Rural_Overhead_AC_460MW,Underground direct-buried,AC,657,Underground Copper Conductor,100,0.7,LCC Converter,0,False,0,,,50.0,0.03,1,4,50,20251128_210150_178866,2025-11-28T21:01:50.924184,summary,11022727.272727273,11505830.427179292,8696738.432428133,909090.9090909093,10113636.363636363
S1_Rural_Overhead_AC_460MW,Underground direct-buried,AC,657,Underground Copper Conductor,100,0.7,LCC Converter,0,False,0,,,50.0,0.03,1,4,50,20251128_210741_714083,2025-11-28T21:07:42.460642,summary,11022727.272727273,11505830.427179292,8696738.432428133,909090.9090909093,10113636.363636363
S1_Rural_Overhead_AC_460MW,Underground direct-buried,AC,657,Underground Copper Conductor,100,0.7,LCC Converter,0,False,0,,,50.0,0.03,1,4,50,20251128_211022_426785,2025-11-28T21:10:23.296866,summary,11022727.272727273,11505830.427179292,8696738.432428133,909090.9090909093,10113636.363636363
S1_Rural_Overhead_AC_460MW,Overhead,AC,657,Standard Aluminum Conductor,100,0.7,LCC Converter,0,False,0,,,50.0,0.03,1,4,50,20251128_211310_198795,2025-11-28T21:13:10.965917,summary,44090909.09090909,46023321.70871717,34786953.72971253,3636363.636363637,40454545.45454545
