project_name,construction_type,ac_dc,capacity_mw,conductor_type,line_length_miles,line_utilization,converter_type,number_of_converters,reconductoring,old_capacity_mw,old_conductor_type,old_ac_dc,baseline_electricity_price_per_mwh,social_discount_rate,construction_years,delay_years,project_lifetime_years,scenario_id,timestamp,row_type,annual_cost,nominal_total,pv_total
,Overhead,AC,394,Advanced Aluminum Conductor,100,0.6582118423796585,LCC Converter,0,False,0,,,61.58081798398924,0.03141409328947506,0.8345116840007385,16.0,60.0,20251110_162243,2025-11-10T16:22:44.519739,summary,28317958.181518897,1699077490.8911338,466024625.04802734
,Overhead,AC,394,Advanced Aluminum Conductor,100,0.7376411634556644,LCC Converter,0,False,0,,,46.69488958614263,0.02413600642582674,1.1210357922814507,10.0,57.0,20251110_162244,2025-11-10T16:22:46.236759,summary,25216532.77502808,1437342368.1766005,609942409.6082066
,Overhead,AC,394,Advanced Aluminum Conductor,100,0.5850362423598943,LCC Converter,0,False,0,,,37.2914639487112,0.0350636966497457,2.917888307722765,13.0,46.0,20251110_162246,2025-11-10T16:22:48.025852,summary,14569417.186942194,670193190.5993409,197576886.42957246
,Overhead,AC,394,Advanced Aluminum Conductor,100,0.7510325263264925,LCC Converter,0,False,0,,,58.23740493920654,0.026139113142176106,0.6393979869846237,7.0,53.0,20251110_162248,2025-11-10T16:22:49.890787,summary,32267532.243570615,1710179208.9092426,775156823.1560436
,Overhead,AC,394,Advanced Aluminum Conductor,100,0.5987997903633367,LCC Converter,0,False,0,,,40.31463345480019,0.035932943193487214,2.517184779541875,8.0,51.0,20251110_162250,2025-11-10T16:22:51.812222,summary,16261073.630664753,829314755.1639024,269966398.77307343
,Overhead,AC,394,Advanced Aluminum Conductor,100,0.5957758259136215,LCC Converter,0,False,0,,,62.98740444425845,0.026324423079462634,1.3250635369662014,7.0,54.0,20251110_162252,2025-11-10T16:22:53.699460,summary,25230116.170064423,1362426273.1834788,597545463.7334522
,Overhead,AC,394,Advanced Aluminum Conductor,100,0.6350371128316724,LCC Converter,0,False,0,,,70.51161810496485,0.027305263409948155,1.5233352029028329,19.0,41.0,20251110_162254,2025-11-10T16:22:55.523155,summary,30845952.221152734,1264684041.0672622,446396515.61948436
,Overhead,AC,394,Advanced Aluminum Conductor,100,0.6073380711696149,LCC Converter,0,False,0,,,40.05262958935278,0.03890976787290651,2.2548952369227195,18.0,51.0,20251110_162255,2025-11-10T16:22:57.408157,summary,16473259.889738007,840136254.3766383,174032995.88665846
,Overhead,AC,394,Advanced Aluminum Conductor,100,0.7236254286969174,LCC Converter,0,False,0,,,65.81002108413092,0.023386814279925065,2.764693792740797,2.0,59.0,20251110_162257,2025-11-10T16:22:59.248945,summary,34582749.66727674,2040382230.3693275,1008944073.5701236
,Overhead,AC,394,Advanced Aluminum Conductor,100,0.6927921864678,LCC Converter,0,False,0,,,67.06230369652457,0.024938557478638275,1.4276188054545338,7.0,49.0,20251110_162259,2025-11-10T16:23:01.048000,summary,33135678.91754854,1623648266.9598784,775578071.1065083
,Overhead,AC,394,Advanced Aluminum Conductor,100,0.7156992986401762,LCC Converter,0,False,0,,,74.71771952454665,0.03014069741894467,1.9369587449043963,6.0,55.0,20251110_162301,2025-11-10T16:23:02.918899,summary,38655042.23583673,2126027322.9710202,839898916.9609752
,Overhead,AC,394,Advanced Aluminum Conductor,100,0.759417064995948,LCC Converter,0,False,0,,,39.49395212995412,0.040018865082599026,2.483740044499968,14.0,43.0,20251110_162303,2025-11-10T16:23:04.779319,summary,22232613.902708597,956002397.8164697,246608983.31716743
,Overhead,AC,394,Advanced Aluminum Conductor,100,0.6264638394580899,LCC Converter,0,False,0,,,54.24025056213618,0.021405875252249663,2.808288084715594,1.0,42.0,20251110_162305,2025-11-10T16:23:06.747202,summary,23284820.036142793,977962441.5179973,603870704.2550921
,Overhead,AC,394,Advanced Aluminum Conductor,100,0.638551143336161,LCC Converter,0,False,0,,,57.14125407870727,0.02237171759264814,0.9711786613128459,5.0,54.0,20251110_162307,2025-11-10T16:23:08.559598,summary,25189307.862563398,1360222624.5784235,703268576.9047773
,Overhead,AC,394,Advanced Aluminum Conductor,100,0.7676786500937232,LCC Converter,0,False,0,,,72.07719237369398,0.02955400907124653,0.802896391195658,2.0,44.0,20251110_162308,2025-11-10T16:23:10.344716,summary,41208937.670236446,1813193257.4904037,955741651.6271424
,Overhead,AC,394,Advanced Aluminum Conductor,100,0.6700595265760518,LCC Converter,0,False,0,,,58.97816649276556,0.034300760689812144,0.5167044627284697,11.0,57.0,20251110_162310,2025-11-10T16:23:12.179194,summary,27806567.564763512,1584974351.1915202,485436011.5837802
,Overhead,AC,394,Advanced Aluminum Conductor,100,0.5763536879096651,LCC Converter,0,False,0,,,42.40232366552169,0.026774664596196752,0.5013034301269789,17.0,58.0,20251110_162312,2025-11-10T16:23:13.972257,summary,16230921.558369566,941393450.3854349,307314961.212256
,Overhead,AC,394,Advanced Aluminum Conductor,100,0.6090127358367202,LCC Converter,0,False,0,,,63.784786123842174,0.02530128273383121,1.828051918557756,14.0,43.0,20251110_162314,2025-11-10T16:23:15.780622,summary,26333812.480346806,1132353936.6549127,473176403.54793817
,Overhead,AC,394,Advanced Aluminum Conductor,100,0.5919391083610853,LCC Converter,0,False,0,,,58.860138172023554,0.02268993122867626,1.5746919106066568,15.0,45.0,20251110_162316,2025-11-10T16:23:17.585061,summary,23368753.188286744,1051593893.4729035,461593527.1142741
,Overhead,AC,394,Advanced Aluminum Conductor,100,0.6276925465600922,LCC Converter,0,False,0,,,70.00041112051596,0.039895298333180645,1.2583438052494436,4.0,58.0,20251110_162317,2025-11-10T16:23:19.360956,summary,30132191.28401654,1747667094.4729593,573258729.787675
,Overhead,AC,394,Advanced Aluminum Conductor,100,0.7469879799442964,LCC Converter,0,False,0,,,43.15804820758428,0.026097037445853247,0.6320379869659715,20.0,49.0,20251110_162319,2025-11-10T16:23:21.245718,summary,23728817.965321478,1162712080.3007524,393151617.11856896
,Overhead,AC,394,Advanced Aluminum Conductor,100,0.6199241119559754,LCC Converter,0,False,0,,,74.8091563973138,0.034141775601960925,0.6808160702601364,12.0,52.0,20251110_162321,2025-11-10T16:23:23.087038,summary,31651823.422173385,1645894817.953016,517027843.10271984
,Overhead,AC,394,Advanced Aluminum Conductor,100,0.7421053952668372,LCC Converter,0,False,0,,,69.87273900929351,0.026504692474495252,1.003415038476949,12.0,59.0,20251110_162323,2025-11-10T16:23:25.044629,summary,38059104.129125595,2245487143.61841,824861729.3418274
,Overhead,AC,394,Advanced Aluminum Conductor,100,0.6744448951088926,LCC Converter,0,False,0,,,72.92850661158515,0.03842646362125396,2.715225467196316,10.0,56.0,20251110_162325,2025-11-10T16:23:26.820142,summary,34699676.86891486,1943181904.6592321,510287024.99957925
,Overhead,AC,394,Advanced Aluminum Conductor,100,0.7172144269987476,LCC Converter,0,False,0,,,64.3521356185923,0.02747711393782776,0.7623314161079501,19.0,43.0,20251110_162327,2025-11-10T16:23:28.604243,summary,33392373.404564127,1435872056.3962574,502983172.4480818
,Overhead,AC,394,Advanced Aluminum Conductor,100,0.6869738812097712,LCC Converter,0,False,0,,,42.18251884092983,0.021886236557205375,2.9140072292616694,11.0,52.0,20251110_162328,2025-11-10T16:23:30.387378,summary,20596426.282548048,1071014166.6924984,480720097.2654454
,Overhead,AC,394,Advanced Aluminum Conductor,100,0.5922108019742245,LCC Converter,0,False,0,,,64.78443250945635,0.03288227211679198,0.934152984553613,8.0,58.0,20251110_162330,2025-11-10T16:23:32.220691,summary,25737024.03052907,1492747393.7706861,512782657.737079
,Overhead,AC,394,Advanced Aluminum Conductor,100,0.5810877974021011,LCC Converter,0,False,0,,,51.06431179716163,0.030832440239049602,1.792905544588315,8.0,53.0,20251110_162332,2025-11-10T16:23:34.041822,summary,19766328.29351862,1047615399.556487,392686614.7004467
,Overhead,AC,394,Advanced Aluminum Conductor,100,0.6296718684920902,LCC Converter,0,False,0,,,72.36084861548503,0.041199340727795575,2.577153211393904,1.0,48.0,20251110_162334,2025-11-10T16:23:35.868335,summary,31284476.332522236,1501654863.9610672,585764464.6129471
,Overhead,AC,394,Advanced Aluminum Conductor,100,0.7083718223820421,LCC Converter,0,False,0,,,35.884488601525796,0.03748067267489558,0.8679499369891008,18.0,56.0,20251110_162336,2025-11-10T16:23:37.657870,summary,18296213.399035245,1024587950.3459737,220722334.1553701
,Overhead,AC,394,Advanced Aluminum Conductor,100,0.7230029418526367,LCC Converter,0,False,0,,,40.83265240919635,0.038291671012651574,1.5060403956199857,19.0,43.0,20251110_162338,2025-11-10T16:23:39.416042,summary,21431099.551870815,921537280.730445,215472483.96227792
,Overhead,AC,394,Advanced Aluminum Conductor,100,0.6716635746583404,LCC Converter,0,False,0,,,45.82452586443295,0.035349474507703996,2.4353117492336445,19.0,49.0,20251110_162339,2025-11-10T16:23:41.214669,summary,21677511.959170178,1062198085.9993387,246560955.42313686
,Overhead,AC,394,Advanced Aluminum Conductor,100,0.7523765505339944,LCC Converter,0,False,0,,,74.98730678840522,0.029867717152865965,2.0930622559589667,0.0,57.0,20251110_162341,2025-11-10T16:23:43.032138,summary,41654432.19807818,2374302635.2904563,1098163705.4534554
,Overhead,AC,394,Advanced Aluminum Conductor,100,0.600294578338214,LCC Converter,0,False,0,,,55.32814109783144,0.03917238629374429,2.691662343798619,2.0,55.0,20251110_162343,2025-11-10T16:23:44.835574,summary,22393460.57742474,1231640331.7583606,436122063.42428905
,Overhead,AC,394,Advanced Aluminum Conductor,100,0.7574170830479201,LCC Converter,0,False,0,,,59.28952707668817,0.025056537860399776,2.526040965007883,8.0,45.0,20251110_162345,2025-11-10T16:23:46.614416,summary,33250540.134594217,1496274306.0567398,704094691.0491924
,Overhead,AC,394,Advanced Aluminum Conductor,100,0.7007451206393102,LCC Converter,0,False,0,,,63.47696879543039,0.031089780267964672,2.8960325686943444,9.0,51.0,20251110_162346,2025-11-10T16:23:48.395236,summary,31873244.513251092,1625535470.1758058,580292710.771811
,Overhead,AC,394,Advanced Aluminum Conductor,100,0.7084359481509012,LCC Converter,0,False,0,,,68.680329996726,0.03175752400615117,1.3223005277588529,9.0,47.0,20251110_162348,2025-11-10T16:23:50.176947,summary,35022120.930725165,1646039683.7440827,634417190.8507262
,Overhead,AC,394,Advanced Aluminum Conductor,100,0.7148938203384982,LCC Converter,0,False,0,,,63.31080697880112,0.04029252606860145,0.8319494780632168,7.0,50.0,20251110_162350,2025-11-10T16:23:51.936195,summary,32701479.828810662,1635073991.4405332,533663987.79990804
,Overhead,AC,394,Advanced Aluminum Conductor,100,0.7609242088325627,LCC Converter,0,False,0,,,71.46909819315171,0.02830749519986541,1.6288626006353981,12.0,57.0,20251110_162352,2025-11-10T16:23:53.712014,summary,40346990.51467433,2299778459.3364367,797787523.0691814
,Overhead,AC,394,Advanced Aluminum Conductor,100,0.7334680679878914,LCC Converter,0,False,0,,,59.41714545510117,0.03783982465496533,1.4738364695485073,17.0,40.0,20251110_162354,2025-11-10T16:23:55.495001,summary,31828752.65106935,1273150106.042774,340059124.0497198
,Overhead,AC,394,Advanced Aluminum Conductor,100,0.6752825420704432,LCC Converter,0,False,0,,,57.42104604593108,0.03942429480043831,1.28359373065532,4.0,49.0,20251110_162355,2025-11-10T16:23:57.294380,summary,27368781.558012657,1341070296.3426201,499792345.9701499
,Overhead,AC,394,Advanced Aluminum Conductor,100,0.6118446761478519,LCC Converter,0,False,0,,,55.728370815507425,0.02465395914655283,1.920702036030933,17.0,57.0,20251110_162357,2025-11-10T16:23:59.112925,summary,23155358.006420217,1319855406.3659525,455569919.06384075
,Overhead,AC,394,Advanced Aluminum Conductor,100,0.6492516466083442,LCC Converter,0,False,0,,,60.38760578251339,0.028276441657663604,1.1491057303097292,18.0,40.0,20251110_162359,2025-11-10T16:24:00.885606,summary,27243228.681320325,1089729147.2528129,390436909.67082995
,Overhead,AC,394,Advanced Aluminum Conductor,100,0.6011491534007312,LCC Converter,0,False,0,,,43.80586044539698,0.0336496069382509,1.4128357544628867,3.0,41.0,20251110_162401,2025-11-10T16:24:02.698563,summary,17764665.064737067,728351267.6542197,350145755.6760017
,Overhead,AC,394,Advanced Aluminum Conductor,100,0.6725765510965075,LCC Converter,0,False,0,,,52.292938049488356,0.03221657911571261,2.2136599119881875,19.0,48.0,20251110_162403,2025-11-10T16:24:04.496383,summary,24784579.066078518,1189659795.171769,316809590.5540808
,Overhead,AC,394,Advanced Aluminum Conductor,100,0.6993036230504655,LCC Converter,0,False,0,,,50.12573309574913,0.04037633701291268,2.442934692773136,9.0,49.0,20251110_162404,2025-11-10T16:24:06.262433,summary,25096217.95776289,1229714679.9303815,352008437.65228367
,Overhead,AC,394,Advanced Aluminum Conductor,100,0.5681351773900433,LCC Converter,0,False,0,,,47.825341235140684,0.028017704693955908,2.1352345888064237,4.0,54.0,20251110_162406,2025-11-10T16:24:08.027330,summary,17951636.00403874,969388344.218092,430932849.62826866
,Overhead,AC,394,Advanced Aluminum Conductor,100,0.7490646765760267,LCC Converter,0,False,0,,,62.22044385993224,0.028198664090082523,0.8933661629364511,7.0,43.0,20251110_162408,2025-11-10T16:24:09.821691,summary,34345438.86381213,1476853871.1439219,701374150.3210222
,Overhead,AC,394,Advanced Aluminum Conductor,100,0.7095985015867663,LCC Converter,0,False,0,,,47.2337699928694,0.03538338366505045,2.327088726152508,16.0,42.0,20251110_162410,2025-11-10T16:24:11.613870,summary,24141831.102921814,1013956906.3227162,286809290.31538475
,Overhead,AC,394,Advanced Aluminum Conductor,100,0.7464390634621247,LCC Converter,0,False,0,,,58.61798663574525,0.025693839619863042,1.3782803096648704,8.0,45.0,20251110_162411,2025-11-10T16:24:13.390068,summary,32195077.309849624,1448778478.943233,689612755.456236
,Overhead,AC,394,Advanced Aluminum Conductor,100,0.6042317733401465,LCC Converter,0,False,0,,,73.50509704487116,0.02589500868260706,1.667599510874876,9.0,40.0,20251110_162413,2025-11-10T16:24:15.182917,summary,30019185.626069404,1200767425.042776,579775519.5899366
,Overhead,AC,394,Advanced Aluminum Conductor,100,0.6336005132585409,LCC Converter,0,False,0,,,69.49468878482007,0.030897276522784685,2.8859495844207843,15.0,57.0,20251110_162415,2025-11-10T16:24:16.977314,summary,30305661.95040312,1727422731.172978,483189469.1877418
,Overhead,AC,394,Advanced Aluminum Conductor,100,0.6883786021255307,LCC Converter,0,False,0,,,50.93992313818655,0.0416433368723164,1.8122611871824308,1.0,57.0,20251110_162417,2025-11-10T16:24:18.797512,summary,24944009.622120537,1421808548.4608705,501934630.3320161
,Overhead,AC,394,Advanced Aluminum Conductor,100,0.6235246968392877,LCC Converter,0,False,0,,,39.90615191635606,0.03371877585463557,0.7559425632203045,10.0,47.0,20251110_162419,2025-11-10T16:24:20.605547,summary,17020142.402738675,799946692.9287177,288388876.9572063
,Overhead,AC,394,Advanced Aluminum Conductor,100,0.6684851907920037,LCC Converter,0,False,0,,,53.15349438491519,0.03643887183803925,1.7537168239515262,12.0,51.0,20251110_162420,2025-11-10T16:24:22.391526,summary,24977947.38024081,1273875316.3922813,364274130.63998616
,Overhead,AC,394,Advanced Aluminum Conductor,100,0.6817870935379874,LCC Converter,0,False,0,,,72.78621253900165,0.03155434867753867,1.7774049221024188,7.0,54.0,20251110_162422,2025-11-10T16:24:24.190631,summary,35162495.591323026,1898774761.9314435,711660657.6034826
,Overhead,AC,394,Advanced Aluminum Conductor,100,0.6606924941546398,LCC Converter,0,False,0,,,36.90225007005872,0.03260462942854585,2.4702346501956574,5.0,43.0,20251110_162424,2025-11-10T16:24:26.009169,summary,17058947.0778345,733534724.3468835,318132617.14323294
,Overhead,AC,394,Advanced Aluminum Conductor,100,0.6546080104195472,LCC Converter,0,False,0,,,42.98111480427028,0.04185668392452893,1.7055412760207904,0.0,49.0,20251110_162426,2025-11-10T16:24:27.791110,summary,19613942.246016975,961083170.0548317,394190932.16890955
,Overhead,AC,394,Advanced Aluminum Conductor,100,0.6563051039106217,LCC Converter,0,False,0,,,60.51568599323116,0.036047035772020085,1.4887930728383432,9.0,56.0,20251110_162428,2025-11-10T16:24:29.567569,summary,27715636.774414543,1552075659.3672144,473816845.4804242
,Overhead,AC,394,Advanced Aluminum Conductor,100,0.6445188150539338,LCC Converter,0,False,0,,,38.17513556069921,0.03336257136030629,1.1502405404016474,13.0,50.0,20251110_162429,2025-11-10T16:24:31.344049,summary,17047700.741407063,852385037.0703532,267559224.24002042
,Overhead,AC,394,Advanced Aluminum Conductor,100,0.6587441648983083,LCC Converter,0,False,0,,,51.37627833489384,0.027165063211828204,2.86827546479705,0.0,43.0,20251110_162431,2025-11-10T16:24:33.150382,summary,23652094.690498035,1017040071.6914155,566589087.5430287
,Overhead,AC,394,Advanced Aluminum Conductor,100,0.7057646703184471,LCC Converter,0,False,0,,,56.86743077611156,0.025224063924632646,0.6435505046780196,12.0,42.0,20251110_162433,2025-11-10T16:24:34.954568,summary,28843862.43442626,1211442222.2459028,555072357.3283725
,Overhead,AC,394,Advanced Aluminum Conductor,100,0.6417937387868448,LCC Converter,0,False,0,,,43.55491512602263,0.02154810150351629,1.887477672293366,11.0,44.0,20251110_162435,2025-11-10T16:24:36.781031,summary,19335794.479905404,850774957.1158378,423864146.0128511
,Overhead,AC,394,Advanced Aluminum Conductor,100,0.5843905960746273,LCC Converter,0,False,0,,,35.54271570830343,0.027625138457910425,1.0713111998736644,3.0,55.0,20251110_162437,2025-11-10T16:24:38.647446,summary,13865223.071400382,762587268.927021,358483847.61555326
,Overhead,AC,394,Advanced Aluminum Conductor,100,0.711021815479761,LCC Converter,0,False,0,,,48.682817605820276,0.03762346139201173,2.388592680160521,15.0,42.0,20251110_162439,2025-11-10T16:24:40.519470,summary,24953125.860525835,1048031286.1420851,285315109.6527306
,Overhead,AC,394,Advanced Aluminum Conductor,100,0.7322977578764528,LCC Converter,0,False,0,,,49.96477195338932,0.030731955087600838,1.998197755751687,2.0,59.0,20251110_162440,2025-11-10T16:24:42.304777,summary,26704529.817881163,1575567259.2549887,660522554.612397
,Overhead,AC,394,Advanced Aluminum Conductor,100,0.6802735056629633,LCC Converter,0,False,0,,,48.94623018894262,0.030660977917984635,0.8217943043944889,6.0,48.0,20251110_162442,2025-11-10T16:24:44.091474,summary,23571844.27998852,1131448525.4394488,493519143.9841389
,Overhead,AC,394,Advanced Aluminum Conductor,100,0.6439377498798649,LCC Converter,0,False,0,,,71.59991188791183,0.03676185072428778,2.2263705816824078,14.0,44.0,20251110_162444,2025-11-10T16:24:45.959356,summary,31933941.136247642,1405093409.9948962,398939715.37385154
,Overhead,AC,394,Advanced Aluminum Conductor,100,0.6768939679200064,LCC Converter,0,False,0,,,48.41877274703097,0.023170612876030193,2.640411661713856,17.0,50.0,20251110_162446,2025-11-10T16:24:47.802765,summary,23155320.806553558,1157766040.327678,444613329.8928956
,Overhead,AC,394,Advanced Aluminum Conductor,100,0.6845528379864069,LCC Converter,0,False,0,,,37.574420391828575,0.038092026150325746,2.3122696969949628,20.0,43.0,20251110_162448,2025-11-10T16:24:49.624457,summary,18255539.90066057,784988215.7284045,172750918.8404773
,Overhead,AC,394,Advanced Aluminum Conductor,100,0.7309468297912275,LCC Converter,0,False,0,,,35.12127892287042,0.024378618840814787,1.3113204399721594,18.0,48.0,20251110_162449,2025-11-10T16:24:51.406281,summary,18721929.91775216,898652636.0521038,338592272.88934296
,Overhead,AC,394,Advanced Aluminum Conductor,100,0.7195224254612109,LCC Converter,0,False,0,,,41.23843451962985,0.04136762855434002,1.8766441251989427,7.0,56.0,20251110_162451,2025-11-10T16:24:53.204952,summary,21496369.93052832,1203796716.109586,338596453.73693794
,Overhead,AC,394,Advanced Aluminum Conductor,100,0.7366616884999116,LCC Converter,0,False,0,,,45.30793392650429,0.03208900773669741,0.5802658894083615,9.0,51.0,20251110_162453,2025-11-10T16:24:55.021913,summary,24421275.604374368,1245485055.8230927,464468526.49649143
,Overhead,AC,394,Advanced Aluminum Conductor,100,0.6975753961904024,LCC Converter,0,False,0,,,36.72000641923006,0.03485889377325856,1.2561467627272198,19.0,43.0,20251110_162455,2025-11-10T16:24:56.809511,summary,18320349.460824482,787775026.8154527,209430185.25632197
,Overhead,AC,394,Advanced Aluminum Conductor,100,0.6971129127278914,LCC Converter,0,False,0,,,62.005767253552804,0.041919908999575504,1.402895272901941,1.0,46.0,20251110_162457,2025-11-10T16:24:58.612597,summary,30906991.272850126,1421721598.5511057,590758282.6334758
,Overhead,AC,394,Advanced Aluminum Conductor,100,0.5835980128951274,LCC Converter,0,False,0,,,67.23876302032374,0.029279836407029084,2.063811647027914,17.0,50.0,20251110_162458,2025-11-10T16:25:00.427157,summary,26181181.79765361,1309059089.8826807,405493234.18886995
,Overhead,AC,394,Advanced Aluminum Conductor,100,0.5871278132872666,LCC Converter,0,False,0,,,45.21351402388621,0.039514931175227766,2.1967159659215394,11.0,52.0,20251110_162500,2025-11-10T16:25:02.268556,summary,17751031.600307513,923053643.2159907,242692215.51673707
,Overhead,AC,394,Advanced Aluminum Conductor,100,0.7529246886814105,LCC Converter,0,False,0,,,43.36934026429085,0.03318196039601087,2.6163987550408287,5.0,41.0,20251110_162502,2025-11-10T16:25:04.119303,summary,24116172.968618967,988763091.7133776,432019779.01304066
,Overhead,AC,394,Advanced Aluminum Conductor,100,0.6220661342982381,LCC Converter,0,False,0,,,52.17666962166834,0.02948520670563607,2.245374647624562,10.0,44.0,20251110_162504,2025-11-10T16:25:05.907068,summary,22181568.33828668,975989006.8846139,391515547.609865
,Overhead,AC,394,Advanced Aluminum Conductor,100,0.679111215954847,LCC Converter,0,False,0,,,72.66479357386149,0.027151813693683753,1.6943721294110319,4.0,52.0,20251110_162506,2025-11-10T16:25:07.750187,summary,34910429.22102943,1815342319.4935303,852268159.0520939
,Overhead,AC,394,Advanced Aluminum Conductor,100,0.6183828994344883,LCC Converter,0,False,0,,,56.107532610085855,0.02621089279924674,1.791155799451888,13.0,59.0,20251110_162508,2025-11-10T16:25:09.634023,summary,23657600.90706326,1395798453.5167325,494451708.2777137
,Overhead,AC,394,Advanced Aluminum Conductor,100,0.6850398021181193,LCC Converter,0,False,0,,,60.7247721531246,0.03574338350912704,1.3060794160051459,5.0,41.0,20251110_162509,2025-11-10T16:25:11.442407,summary,29532665.187055428,1210839272.6692724,523274286.49472135
,Overhead,AC,394,Advanced Aluminum Conductor,100,0.7516253162768428,LCC Converter,0,False,0,,,44.12671021343163,0.02700447236884777,2.2748311572649653,8.0,51.0,20251110_162511,2025-11-10T16:25:13.238522,summary,24476817.074817717,1248317670.8157036,526040120.53268296
,Overhead,AC,394,Advanced Aluminum Conductor,100,0.7441539949459525,LCC Converter,0,False,0,,,39.0194142945342,0.025060042697443982,2.8411866579135086,6.0,46.0,20251110_162513,2025-11-10T16:25:15.095168,summary,21337285.548937738,981515135.251136,476649442.34967446
,Overhead,AC,394,Advanced Aluminum Conductor,100,0.7124819485827365,LCC Converter,0,False,0,,,66.1802737448927,0.03238645332383602,2.1182093671442885,17.0,56.0,20251110_162515,2025-11-10T16:25:16.909038,summary,34020383.54863083,1905141478.7233267,490679532.3099164
,Overhead,AC,394,Advanced Aluminum Conductor,100,0.666598708341305,LCC Converter,0,False,0,,,51.72681498813245,0.03459463944083957,2.477416658823145,11.0,56.0,20251110_162517,2025-11-10T16:25:18.720575,summary,24211518.32975655,1355845026.4663668,389676606.4305721
,Overhead,AC,394,Advanced Aluminum Conductor,100,0.5644112668286976,LCC Converter,0,False,0,,,50.536767655809946,0.030370109751303897,2.1019827248247482,4.0,48.0,20251110_162519,2025-11-10T16:25:20.547505,summary,18800303.0154254,902414544.7404191,405005681.57014304
,Overhead,AC,394,Advanced Aluminum Conductor,100,0.7616569347694571,LCC Converter,0,False,0,,,55.24644483882941,0.026418155446155896,2.652978950934262,15.0,42.0,20251110_162520,2025-11-10T16:25:22.372686,summary,31231716.439029202,1311732090.4392264,509643640.696598
,Overhead,AC,394,Advanced Aluminum Conductor,100,0.7498533567062786,LCC Converter,0,False,0,,,47.95329834864853,0.031216676855179683,1.0945057150340296,17.0,45.0,20251110_162522,2025-11-10T16:25:24.218150,summary,26509849.23347015,1192943215.5061567,376212139.0911087
,Overhead,AC,394,Advanced Aluminum Conductor,100,0.6018105725133633,LCC Converter,0,False,0,,,56.31614967937727,0.023840124306483492,2.8777222641049836,10.0,44.0,20251110_162524,2025-11-10T16:25:26.024888,summary,22872556.128801517,1006392469.6672667,468031209.38332087
,Overhead,AC,394,Advanced Aluminum Conductor,100,0.724413348868218,LCC Converter,0,False,0,,,46.04765716235638,0.03670165470488263,1.5387178446723055,3.0,45.0,20251110_162526,2025-11-10T16:25:27.888320,summary,24235173.769020908,1090582819.6059408,466453291.0893363
,Overhead,AC,394,Advanced Aluminum Conductor,100,0.7586996908125233,LCC Converter,0,False,0,,,74.32078675911518,0.03921669445765261,0.5427993794104821,14.0,52.0,20251110_162528,2025-11-10T16:25:29.742439,summary,41781369.522224054,2172631215.1556506,547182313.5342176
,Overhead,AC,394,Advanced Aluminum Conductor,100,0.7597131135787112,LCC Converter,0,False,0,,,65.73089276322064,0.030440721758000763,2.510333946686716,7.0,45.0,20251110_162530,2025-11-10T16:25:31.630281,summary,37023016.69579767,1666035751.310895,697866454.3913105
,Overhead,AC,394,Advanced Aluminum Conductor,100,0.7563042784170966,LCC Converter,0,False,0,,,37.031545160835655,0.03549282231465781,0.6224270959291416,6.0,44.0,20251110_162531,2025-11-10T16:25:33.466914,summary,20724255.05960597,911867222.6226628,376483339.55024105
,Overhead,AC,394,Advanced Aluminum Conductor,100,0.5946559039628642,LCC Converter,0,False,0,,,73.63254145574923,0.03772668453586904,2.6951747782650077,13.0,41.0,20251110_162533,2025-11-10T16:25:35.335261,summary,29418009.86869798,1206138404.6166172,353370552.86644864
,Overhead,AC,394,Advanced Aluminum Conductor,100,0.7031454686826512,LCC Converter,0,False,0,,,45.41558308239521,0.03756619027324181,2.9845935659578293,1.0,57.0,20251110_162535,2025-11-10T16:25:37.206137,summary,22914616.78695345,1306133156.8563466,479630176.9293383
,Overhead,AC,394,Advanced Aluminum Conductor,100,0.6596824972724764,LCC Converter,0,False,0,,,36.2193114738021,0.03028029644997539,0.6701237681529891,10.0,47.0,20251110_162537,2025-11-10T16:25:39.098093,summary,16707479.781493306,785251549.7301854,311737639.31520975
,Overhead,AC,394,Advanced Aluminum Conductor,100,0.5784156300310852,LCC Converter,0,False,0,,,67.63310524776675,0.04041388076960686,1.7657485829574489,12.0,49.0,20251110_162539,2025-11-10T16:25:40.948496,summary,26015459.380890314,1274757509.6636255,332484304.4762676
,Overhead,AC,394,Advanced Aluminum Conductor,100,0.6403264688171182,LCC Converter,0,False,0,,,69.1279424091476,0.03189643304346818,2.9751282718616587,12.0,41.0,20251110_162541,2025-11-10T16:25:42.786363,summary,30591174.834698,1254238168.2226179,447736243.60288376
,Overhead,AC,394,Advanced Aluminum Conductor,100,0.6115827461860985,LCC Converter,0,False,0,,,54.87879319736023,0.03132904960097749,2.589156198421281,6.0,59.0,20251110_162543,2025-11-10T16:25:44.657962,summary,22788889.622703098,1344544487.7394829,482321932.82841504
,Overhead,AC,394,Advanced Aluminum Conductor,100,0.6855485888197255,LCC Converter,0,False,0,,,62.468274809478345,0.029907123992114225,1.2249946474691678,6.0,53.0,20251110_162545,2025-11-10T16:25:46.571938,summary,30412337.97782686,1611853912.8248236,668916021.6886696
,Overhead,AC,394,Advanced Aluminum Conductor,100,0.5773918887495602,LCC Converter,0,False,0,,,58.46698027104218,0.021289542257240467,2.620065192125985,14.0,54.0,20251110_162546,2025-11-10T16:25:48.449558,summary,22435291.88853632,1211505761.9809613,515212418.3297814
,Overhead,AC,394,Advanced Aluminum Conductor,100,0.6247879871356482,LCC Converter,0,False,0,,,49.079773496599664,0.03893395009185118,1.5641079007003125,14.0,54.0,20251110_162548,2025-11-10T16:25:50.272005,summary,20991462.55169986,1133538977.7917924,269820409.0543421
,Overhead,AC,394,Advanced Aluminum Conductor,100,0.6935607303018848,LCC Converter,0,False,0,,,57.3787015376503,0.02116647320308828,2.372946034557638,2.0,53.0,20251110_162550,2025-11-10T16:25:52.053586,summary,28395319.829739425,1504951950.9761896,838110612.2563016
,Overhead,AC,394,Advanced Aluminum Conductor,100,0.6676764779009715,LCC Converter,0,False,0,,,42.55876670315518,0.031074194464399223,2.7348680553722784,14.0,53.0,20251110_162552,2025-11-10T16:25:53.872065,summary,19965385.14104905,1058165412.4755996,318559967.17505777
,Overhead,AC,394,Advanced Aluminum Conductor,100,0.5759052864012754,LCC Converter,0,False,0,,,62.60636187899329,0.024357276242545804,2.3369040349887893,15.0,50.0,20251110_162554,2025-11-10T16:25:55.663782,summary,23939243.553947322,1196962177.697366,464198920.2830477
,Overhead,AC,394,Advanced Aluminum Conductor,100,0.5727719472518878,LCC Converter,0,False,0,,,68.7531950683744,0.024794045179745997,2.4167312732723896,1.0,51.0,20251110_162556,2025-11-10T16:25:57.456702,summary,26094630.84906014,1330826173.3020673,707501835.9635967
,Overhead,AC,394,Advanced Aluminum Conductor,100,0.630483299749779,LCC Converter,0,False,0,,,44.696247100604005,0.029050827650280994,2.742696710410409,13.0,44.0,20251110_162557,2025-11-10T16:25:59.231245,summary,19358503.45101459,851774151.8446419,312958983.68909353
,Overhead,AC,394,Advanced Aluminum Conductor,100,0.6130416677771385,LCC Converter,0,False,0,,,38.86356119199937,0.03474428369535871,1.9422251664445895,4.0,59.0,20251110_162559,2025-11-10T16:26:01.031321,summary,16191569.659751788,955302609.9253554,341163840.39012736
,Overhead,AC,394,Advanced Aluminum Conductor,100,0.7128199186866634,LCC Converter,0,False,0,,,73.88962106148621,0.03447668612957397,1.3643347840133768,6.0,51.0,20251110_162601,2025-11-10T16:26:02.816969,summary,38008939.25445997,1938455901.9774585,730800435.3480792
,Overhead,AC,394,Advanced Aluminum Conductor,100,0.7543263275702502,LCC Converter,0,False,0,,,35.443212001091254,0.03875731130497789,0.9302771408422503,16.0,47.0,20251110_162603,2025-11-10T16:26:04.597745,summary,19761208.378479417,928776793.7885326,231635786.89127216
,Overhead,AC,394,Advanced Aluminum Conductor,100,0.7350497489880116,LCC Converter,0,False,0,,,61.479991125810955,0.04128996549508533,2.5512550704024295,3.0,57.0,20251110_162604,2025-11-10T16:26:06.391004,summary,33034918.531105928,1882990356.273038,599202858.2909261
,Overhead,AC,394,Advanced Aluminum Conductor,100,0.6895539396061119,LCC Converter,0,False,0,,,41.465311160893634,0.0393215515236126,1.8387833261063498,9.0,54.0,20251110_162606,2025-11-10T16:26:08.200383,summary,20353355.239500478,1099081182.9330258,310038053.01866984
,Overhead,AC,394,Advanced Aluminum Conductor,100,0.662825798255236,LCC Converter,0,False,0,,,57.11224428484639,0.025133230507703486,1.8921090314298001,18.0,57.0,20251110_162608,2025-11-10T16:26:09.978809,summary,26520772.03389002,1511684005.9317312,499801870.84310365
,Overhead,AC,394,Advanced Aluminum Conductor,100,0.6696734985939254,LCC Converter,0,False,0,,,56.75308428590046,0.021267110254799555,2.365994330179878,12.0,41.0,20251110_162610,2025-11-10T16:26:11.765447,summary,26735906.501292206,1096172166.5529804,548499877.9885468
,Overhead,AC,394,Advanced Aluminum Conductor,100,0.5666639783004017,LCC Converter,0,False,0,,,37.42042216333184,0.026569032728426933,1.9528089874080656,15.0,58.0,20251110_162612,2025-11-10T16:26:13.553901,summary,13996547.60318622,811799760.9848008,270951249.82300377
,Overhead,AC,394,Advanced Aluminum Conductor,100,0.6652897041313782,LCC Converter,0,False,0,,,73.34404552095873,0.03266153812994086,2.865320410612907,16.0,58.0,20251110_162613,2025-11-10T16:26:15.369139,summary,34235465.641534284,1985657007.2089884,498784586.3335013
,Overhead,AC,394,Advanced Aluminum Conductor,100,0.632319272229021,LCC Converter,0,False,0,,,55.836283504930314,0.02916748643632465,2.8198183650516664,7.0,41.0,20251110_162615,2025-11-10T16:26:17.154770,summary,24281125.248851135,995526135.2028966,447264263.3991618
,Overhead,AC,394,Advanced Aluminum Conductor,100,0.605142771858047,LCC Converter,0,False,0,,,54.72886885746705,0.027982135377028063,1.2964380900762627,16.0,47.0,20251110_162617,2025-11-10T16:26:18.924711,summary,22397459.935127545,1052680616.9509946,370968011.92536914
,Overhead,AC,394,Advanced Aluminum Conductor,100,0.7206244594573091,LCC Converter,0,False,0,,,70.33521957327436,0.036559197483569644,2.7299653788698897,17.0,46.0,20251110_162619,2025-11-10T16:26:20.738949,summary,36743347.26034295,1690193973.9757757,414634967.40592915
,Overhead,AC,394,Advanced Aluminum Conductor,100,0.6267699007536133,LCC Converter,0,False,0,,,69.20675280786224,0.027917013306725764,1.3491182122692944,8.0,40.0,20251110_162621,2025-11-10T16:26:22.582661,summary,29729904.329378035,1189196173.1751213,564928265.8516175
,Overhead,AC,394,Advanced Aluminum Conductor,100,0.615624100043107,LCC Converter,0,False,0,,,46.86389509006988,0.038196181925167515,0.7427653764455912,3.0,53.0,20251110_162622,2025-11-10T16:26:24.373038,summary,19638354.54992282,1040832791.1459094,400286243.71953994
,Overhead,AC,394,Advanced Aluminum Conductor,100,0.6958962651431115,LCC Converter,0,False,0,,,61.18459777403225,0.0369490608216018,1.926608975184834,15.0,51.0,20251110_162624,2025-11-10T16:26:26.165035,summary,30422624.515368577,1551553850.2837975,389377288.31588864
,Overhead,AC,394,Advanced Aluminum Conductor,100,0.5936420121844065,LCC Converter,0,False,0,,,63.16161867306215,0.02549230327377299,1.7387978517737945,12.0,49.0,20251110_162626,2025-11-10T16:26:27.960499,summary,25175576.750413854,1233603260.770279,507900607.9887317
,Overhead,AC,394,Advanced Aluminum Conductor,100,0.7649359930794316,LCC Converter,0,False,0,,,55.04587291865004,0.03467159120970248,0.5952621095412517,5.0,47.0,20251110_162628,2025-11-10T16:26:29.782837,summary,31310470.821400825,1471592128.6058388,616549115.2374274
,Overhead,AC,394,Advanced Aluminum Conductor,100,0.6104726004294567,LCC Converter,0,False,0,,,52.71276751705399,0.02448592886959257,2.1483729864747527,6.0,54.0,20251110_162630,2025-11-10T16:26:31.579491,summary,21834643.903375085,1179070770.7822547,546972134.3396541
,Overhead,AC,394,Advanced Aluminum Conductor,100,0.7551945430697969,LCC Converter,0,False,0,,,68.91818747497118,0.035673451383458954,2.0021459225745364,3.0,48.0,20251110_162631,2025-11-10T16:26:33.369902,summary,38488299.98072579,1847438399.0748377,763364229.9823055
,Overhead,AC,394,Advanced Aluminum Conductor,100,0.7115116963331589,LCC Converter,0,False,0,,,61.722124887640526,0.037070536181037055,2.720922006694805,13.0,59.0,20251110_162633,2025-11-10T16:26:35.150192,summary,31667484.20833711,1868381568.2918894,441518146.5871354
,Overhead,AC,394,Advanced Aluminum Conductor,100,0.7271309576575647,LCC Converter,0,False,0,,,67.40051636564819,0.03728496812528438,2.843413222763787,14.0,47.0,20251110_162635,2025-11-10T16:26:36.967375,summary,35662509.97449981,1676137968.801491,439698618.23765033
,Overhead,AC,394,Advanced Aluminum Conductor,100,0.6427657690423233,LCC Converter,0,False,0,,,38.64248139529282,0.036136057346715315,1.0808454812603987,10.0,56.0,20251110_162637,2025-11-10T16:26:38.765141,summary,17191119.918688577,962702715.4465603,287057948.2411403
,Overhead,AC,394,Advanced Aluminum Conductor,100,0.5777269760419076,LCC Converter,0,False,0,,,54.56343485703662,0.03698375914271468,1.6666530762697511,20.0,50.0,20251110_162639,2025-11-10T16:26:40.543258,summary,20954001.87758992,1047700093.879496,223965251.83136135
,Overhead,AC,394,Advanced Aluminum Conductor,100,0.7184493691324605,LCC Converter,0,False,0,,,72.57575793961017,0.03635638403197708,2.025727192490157,10.0,52.0,20251110_162640,2025-11-10T16:26:42.337598,summary,37751591.70725049,1963082768.7770255,591049027.1303881
,Overhead,AC,394,Advanced Aluminum Conductor,100,0.7301702795398316,LCC Converter,0,False,0,,,60.02320485296275,0.03233628773398297,0.8863450733639121,1.0,45.0,20251110_162642,2025-11-10T16:26:44.154418,summary,31947947.20008844,1437657624.00398,731134833.2443731
,Overhead,AC,394,Advanced Aluminum Conductor,100,0.6099979918984241,LCC Converter,0,False,0,,,60.82128740480981,0.03148897376548779,1.857438617919279,19.0,45.0,20251110_162644,2025-11-10T16:26:45.962428,summary,25166343.89245293,1132485475.1603818,324806915.0416697
,Overhead,AC,394,Advanced Aluminum Conductor,100,0.5951018311923705,LCC Converter,0,False,0,,,59.08769133250031,0.029799214288352756,1.2356082021560968,7.0,57.0,20251110_162646,2025-11-10T16:26:47.819985,summary,23631293.84036426,1346983748.9007628,520966476.3735013
,Overhead,AC,394,Advanced Aluminum Conductor,100,0.7380763762049978,LCC Converter,0,False,0,,,68.19339534105775,0.03169533970144316,2.9311726266590985,14.0,49.0,20251110_162648,2025-11-10T16:26:49.681897,summary,36857277.68897132,1806006606.7595947,554028648.0540066
,Overhead,AC,394,Advanced Aluminum Conductor,100,0.7297448732142848,LCC Converter,0,False,0,,,41.666079877079525,0.04178475010574906,1.84231696388164,15.0,48.0,20251110_162650,2025-11-10T16:26:51.554400,summary,22158814.67458852,1063623104.380249,238394637.0517254
,Overhead,AC,394,Advanced Aluminum Conductor,100,0.5874101455315306,LCC Converter,0,False,0,,,70.78737297707764,0.02103377463289245,0.7126732227946504,15.0,55.0,20251110_162651,2025-11-10T16:26:53.425498,summary,27809755.38127207,1529536545.9699638,663573408.4738348
,Overhead,AC,394,Advanced Aluminum Conductor,100,0.6308818976539128,LCC Converter,0,False,0,,,64.56334244107062,0.029448897683240834,0.7943142523445023,6.0,56.0,20251110_162653,2025-11-10T16:26:55.287465,summary,27987709.824478485,1567311750.1707952,645148643.8087833
,Overhead,AC,394,Advanced Aluminum Conductor,100,0.7395902306886987,LCC Converter,0,False,0,,,39.175942525187665,0.03386951860542132,1.0313511330296783,16.0,45.0,20251110_162655,2025-11-10T16:26:57.144100,summary,21235786.889798738,955610410.0409433,285471869.0799469
,Overhead,AC,394,Advanced Aluminum Conductor,100,0.6615851319859691,LCC Converter,0,False,0,,,36.015014276031415,0.041662956841866355,2.056834279460812,15.0,57.0,20251110_162657,2025-11-10T16:26:58.937918,summary,16680255.699852621,950774574.8915994,187584951.51508567
,Overhead,AC,394,Advanced Aluminum Conductor,100,0.710057832130094,LCC Converter,0,False,0,,,71.82892155801026,0.04016405321942395,1.7272969992096434,14.0,44.0,20251110_162659,2025-11-10T16:27:00.736614,summary,36746387.00821436,1616841028.3614318,421706884.1340091
,Overhead,AC,394,Advanced Aluminum Conductor,100,0.7357890361276033,LCC Converter,0,False,0,,,49.8919012976298,0.02230670362395142,1.6890246536424212,9.0,54.0,20251110_162701,2025-11-10T16:27:02.539943,summary,26846710.900675222,1449722388.636462,676620846.7318186
,Overhead,AC,394,Advanced Aluminum Conductor,100,0.7072086827957097,LCC Converter,0,False,0,,,47.06843867544753,0.021985636868404292,0.6529101680368822,13.0,55.0,20251110_162702,2025-11-10T16:27:04.344042,summary,23942790.527530815,1316853479.014195,576975989.5155989
,Overhead,AC,394,Advanced Aluminum Conductor,100,0.6066214346036108,LCC Converter,0,False,0,,,35.325524791097614,0.02840077201271234,0.6890313940817814,0.0,47.0,20251110_162704,2025-11-10T16:27:06.147742,summary,14505433.403460871,681755369.9626609,377058334.2681423
,Overhead,AC,394,Advanced Aluminum Conductor,100,0.5716550005371044,LCC Converter,0,False,0,,,71.34449153483575,0.03196114385452186,2.6320874021709226,12.0,59.0,20251110_162706,2025-11-10T16:27:07.966724,summary,27006136.048939396,1593362026.8874242,464286564.69136685
,Overhead,AC,394,Advanced Aluminum Conductor,100,0.6286447667357656,LCC Converter,0,False,0,,,71.74244663891983,0.033107069693221525,1.393721928217079,4.0,60.0,20251110_162708,2025-11-10T16:27:09.767987,summary,30947005.677056238,1856820340.6233742,695346344.1026855
,Overhead,AC,394,Advanced Aluminum Conductor,100,0.5691739975113634,LCC Converter,0,False,0,,,51.1880625873951,0.031570615997845664,1.495972208223199,2.0,57.0,20251110_162710,2025-11-10T16:27:11.555139,summary,19261744.820671923,1097919454.7782996,468570617.5956985
,Overhead,AC,394,Advanced Aluminum Conductor,100,0.6162282761919147,LCC Converter,0,False,0,,,63.650345486969265,0.040531804541701515,1.0916399359109568,18.0,48.0,20251110_162711,2025-11-10T16:27:13.368743,summary,26708891.68308069,1282026800.7878733,273441224.25258446
,Overhead,AC,394,Advanced Aluminum Conductor,100,0.6822950072125218,LCC Converter,0,False,0,,,36.866073463358816,0.02171398260894738,1.8246844490279739,11.0,40.0,20251110_162713,2025-11-10T16:27:15.156027,summary,17828385.328784578,713135413.1513832,367176710.3979481
,Overhead,AC,394,Advanced Aluminum Conductor,100,0.728137176355131,LCC Converter,0,False,0,,,60.17935141180948,0.024916518286413523,1.9145156541695871,2.0,50.0,20251110_162715,2025-11-10T16:27:16.951621,summary,31904335.208505854,1595216760.4252927,843654052.376397
,Overhead,AC,394,Advanced Aluminum Conductor,100,0.7417850080944366,LCC Converter,0,False,0,,,61.36781199116121,0.023761218634855048,1.3703764549968618,5.0,47.0,20251110_162717,2025-11-10T16:27:18.744126,summary,33405964.685725797,1570080340.2291124,828318406.1096723
,Overhead,AC,394,Advanced Aluminum Conductor,100,0.7657711927599633,LCC Converter,0,False,0,,,62.43376584809637,0.032915707762544134,1.592801458747802,8.0,60.0,20251110_162719,2025-11-10T16:27:20.549765,summary,35568353.52324384,2134101211.3946302,700899672.2011077
,Overhead,AC,394,Advanced Aluminum Conductor,100,0.6227453862143084,LCC Converter,0,False,0,,,46.895458545647905,0.0377898263602141,2.704861088241979,9.0,43.0,20251110_162720,2025-11-10T16:27:22.356326,summary,19966524.112269424,858560536.8275852,283131370.90368956
,Overhead,AC,394,Advanced Aluminum Conductor,100,0.7633754020856451,LCC Converter,0,False,0,,,69.61543893290607,0.028718945468853348,2.075180248148146,18.0,40.0,20251110_162722,2025-11-10T16:27:24.354644,summary,39482012.7518801,1579280510.0752041,542959599.6452076
,Overhead,AC,394,Advanced Aluminum Conductor,100,0.7042505132473418,LCC Converter,0,False,0,,,46.17277484804773,0.040660958506272826,1.184855087188196,15.0,45.0,20251110_162724,2025-11-10T16:27:26.209247,summary,23348412.601093438,1050678567.0492047,261344168.00193137
,Overhead,AC,394,Advanced Aluminum Conductor,100,0.6378820395057727,LCC Converter,0,False,0,,,45.67406921915696,0.0320510196002936,0.6991148545968631,16.0,56.0,20251110_162726,2025-11-10T16:27:28.081985,summary,20104972.296880595,1125878448.6253133,316937682.0872673
,Overhead,AC,394,Advanced Aluminum Conductor,100,0.7412835303231238,LCC Converter,0,False,0,,,50.67999666722874,0.033172919975067064,2.3474478369921927,7.0,60.0,20251110_162728,2025-11-10T16:27:29.906302,summary,27561395.279667184,1653683716.780031,543421062.841248
,Overhead,AC,394,Advanced Aluminum Conductor,100,0.6647572732512173,LCC Converter,0,False,0,,,69.32020898644457,0.034209696650865845,2.1540098812570516,7.0,44.0,20251110_162730,2025-11-10T16:27:31.710488,summary,32320990.429381702,1422123578.8927948,554682569.9425493
,Overhead,AC,394,Advanced Aluminum Conductor,100,0.6893641288153559,LCC Converter,0,False,0,,,36.10976818273474,0.033761123040820754,0.8570319564705144,17.0,44.0,20251110_162732,2025-11-10T16:27:33.544540,summary,17717703.445970632,779578951.6227078,230283591.62404552
,Overhead,AC,394,Advanced Aluminum Conductor,100,0.6076627113621178,LCC Converter,0,False,0,,,35.761747490155685,0.04156412109607574,0.5591893027705575,12.0,51.0,20251110_162733,2025-11-10T16:27:35.398423,summary,14719295.926059628,750684092.229041,193456210.57115537
,Overhead,AC,394,Advanced Aluminum Conductor,100,0.7279663240303883,LCC Converter,0,False,0,,,50.322498040807,0.03437816331725359,0.9107382846043368,16.0,45.0,20251110_162735,2025-11-10T16:27:37.200504,summary,26669786.171806715,1200140377.7313023,354089277.06112623
,Overhead,AC,394,Advanced Aluminum Conductor,100,0.5974156015961801,LCC Converter,0,False,0,,,56.71022549868054,0.041508936692672256,1.4386526277081488,17.0,54.0,20251110_162737,2025-11-10T16:27:39.038887,summary,22801668.875920273,1231290119.2996948,240214090.6223415
,Overhead,AC,394,Advanced Aluminum Conductor,100,0.661459663569917,LCC Converter,0,False,0,,,62.7337657769141,0.022976562906209967,0.6596724702327688,2.0,55.0,20251110_162739,2025-11-10T16:27:40.846489,summary,29047268.84848565,1597599786.6667106,868430085.6338909
,Overhead,AC,394,Advanced Aluminum Conductor,100,0.7455721400457167,LCC Converter,0,False,0,,,53.03204363946826,0.02326733577790373,1.110102060676117,3.0,43.0,20251110_162741,2025-11-10T16:27:42.694845,summary,29078809.009973936,1250388787.4288793,730746422.3463292
,Overhead,AC,394,Advanced Aluminum Conductor,100,0.5909932509043129,LCC Converter,0,False,0,,,51.558044497855896,0.026892600703655484,0.9204251560505405,16.0,57.0,20251110_162743,2025-11-10T16:27:44.535023,summary,20424812.302555125,1164214301.2456422,388108195.1429453
,Overhead,AC,394,Advanced Aluminum Conductor,100,0.5657984218641987,LCC Converter,0,False,0,,,65.43721090798951,0.04009891104005865,2.2943415830985874,7.0,41.0,20251110_162744,2025-11-10T16:27:46.326594,summary,24424919.538304437,1001421701.0704819,351916628.66242373
,Overhead,AC,394,Advanced Aluminum Conductor,100,0.590729926199863,LCC Converter,0,False,0,,,36.398170861177725,0.037407885314160276,2.014837721423099,8.0,42.0,20251110_162746,2025-11-10T16:27:48.142071,summary,14410390.90832542,605236418.1496676,217486738.8892736
,Overhead,AC,394,Advanced Aluminum Conductor,100,0.6405281303169442,LCC Converter,0,False,0,,,48.530968028390106,0.023535599307541507,1.2434566155338067,16.0,55.0,20251110_162748,2025-11-10T16:27:49.975984,summary,21485804.606707115,1181719253.3688912,451589553.7918427
,Overhead,AC,394,Advanced Aluminum Conductor,100,0.7637918388175645,LCC Converter,0,False,0,,,39.69103037076289,0.024500527890315746,0.9018568376430727,18.0,51.0,20251110_162750,2025-11-10T16:27:51.825024,summary,22528148.184227183,1148935557.3955863,422682805.361938
,Overhead,AC,394,Advanced Aluminum Conductor,100,0.6376680935424327,LCC Converter,0,False,0,,,64.00032537902445,0.0419831542567104,2.937850324915282,15.0,43.0,20251110_162752,2025-11-10T16:27:53.699794,summary,28158760.592056505,1210826705.4584298,277190549.8134939
,Overhead,AC,394,Advanced Aluminum Conductor,100,0.6755349758757571,LCC Converter,0,False,0,,,49.29120919170676,0.03713811665350908,0.6051832074388638,5.0,47.0,20251110_162754,2025-11-10T16:27:55.605472,summary,23506154.604573697,1104789266.4149637,438687882.0102508
,Overhead,AC,394,Advanced Aluminum Conductor,100,0.5698851320813525,LCC Converter,0,False,0,,,73.1167409962894,0.02401863399286155,1.3905589495751915,6.0,46.0,20251110_162755,2025-11-10T16:27:57.473272,summary,27560228.067759823,1267770491.116952,655062598.1393358
,Overhead,AC,394,Advanced Aluminum Conductor,100,0.7400342706329734,LCC Converter,0,False,0,,,65.2365072133394,0.03514569901856516,2.286912641793297,4.0,58.0,20251110_162757,2025-11-10T16:27:59.312535,summary,35392489.62141018,2052764398.0417907,725786657.4405599
,Overhead,AC,394,Advanced Aluminum Conductor,100,0.682775119785873,LCC Converter,0,False,0,,,51.95403599228252,0.0352123279766641,1.061531149708412,9.0,53.0,20251110_162759,2025-11-10T16:28:01.161144,summary,25149759.640546028,1332937260.9489396,438589372.13241994
,Overhead,AC,394,Advanced Aluminum Conductor,100,0.6359256386607738,LCC Converter,0,False,0,,,41.374597369735014,0.021616748554855958,1.3582881683348484,19.0,53.0,20251110_162801,2025-11-10T16:28:03.048454,summary,18134870.253097326,961148123.4141582,376019994.10047233
,Overhead,AC,394,Advanced Aluminum Conductor,100,0.5638006233897205,LCC Converter,0,False,0,,,38.41437263946477,0.028770656265864204,0.7221574830048079,3.0,41.0,20251110_162803,2025-11-10T16:28:04.986441,summary,14269588.75761642,585053139.0622731,315617441.2950437
,Overhead,AC,394,Advanced Aluminum Conductor,100,0.6569780358841444,LCC Converter,0,False,0,,,44.82801244957127,0.034087736979390854,2.4570940467168,1.0,41.0,20251110_162805,2025-11-10T16:28:06.984926,summary,20560225.07087655,842969227.9059385,414927696.1381727
,Overhead,AC,394,Advanced Aluminum Conductor,100,0.7481420433249618,LCC Converter,0,False,0,,,58.19503919490221,0.024003618132512707,0.7765125091343594,19.0,58.0,20251110_162807,2025-11-10T16:28:08.937926,summary,32066940.273165513,1859882535.8435998,639559173.1098233
,Overhead,AC,394,Advanced Aluminum Conductor,100,0.645373865673009,LCC Converter,0,False,0,,,57.84581105017856,0.0210861172231875,2.4266576988949344,13.0,53.0,20251110_162809,2025-11-10T16:28:10.882093,summary,25879665.746776972,1371622284.5791795,607735435.6958301
,Overhead,AC,394,Advanced Aluminum Conductor,100,0.6319867194586147,LCC Converter,0,False,0,,,47.53972910685957,0.03664459182324104,1.5873209407265068,4.0,56.0,20251110_162811,2025-11-10T16:28:12.810873,summary,20658179.830446243,1156858070.5049896,414254864.280251
,Overhead,AC,394,Advanced Aluminum Conductor,100,0.6368943561712694,LCC Converter,0,False,0,,,68.36972658024419,0.03095592234612819,2.6721921022369033,4.0,50.0,20251110_162813,2025-11-10T16:28:14.857807,summary,30030507.621165458,1501525381.0582728,638342607.4714779
,Overhead,AC,394,Advanced Aluminum Conductor,100,0.7177073275805859,LCC Converter,0,False,0,,,38.912190511687186,0.027518581452061618,1.1668889007525052,11.0,48.0,20251110_162815,2025-11-10T16:28:16.781282,summary,20211242.211182885,970139626.1367785,395021852.8086313
,Overhead,AC,394,Advanced Aluminum Conductor,100,0.6778456320917655,LCC Converter,0,False,0,,,56.439614427359196,0.02741611328367417,1.623260370925008,16.0,41.0,20251110_162817,2025-11-10T16:28:18.776707,summary,27044416.783477552,1108821088.1225796,421638504.35092026
,Overhead,AC,394,Advanced Aluminum Conductor,100,0.5853310386760019,LCC Converter,0,False,0,,,40.667889124498906,0.039777728868788345,2.7680168358480497,13.0,58.0,20251110_162819,2025-11-10T16:28:20.842750,summary,15899516.813561227,922171975.1865512,201291655.10197303
,Overhead,AC,394,Advanced Aluminum Conductor,100,0.6578272309765596,LCC Converter,0,False,0,,,54.778792102292996,0.024761729572383817,1.9881364306216514,4.0,55.0,20251110_162821,2025-11-10T16:28:22.784436,summary,25169485.985029887,1384321729.1766438,665375376.4661325
,Overhead,AC,394,Advanced Aluminum Conductor,100,0.6861735251470832,LCC Converter,0,False,0,,,72.06073900314182,0.026600035741699377,2.956838580066144,5.0,56.0,20251110_162823,2025-11-10T16:28:24.672729,summary,35127376.35583438,1967133075.9267254,847221334.985068
,Overhead,AC,394,Advanced Aluminum Conductor,100,0.642094864925479,LCC Converter,0,False,0,,,52.980721951316426,0.03545832441209838,0.945337421854392,17.0,41.0,20251110_162825,2025-11-10T16:28:26.582456,summary,23535644.214167595,964961412.7808714,279639646.95737696
,Overhead,AC,394,Advanced Aluminum Conductor,100,0.6396753661933198,LCC Converter,0,False,0,,,70.67535985539335,0.021815564217475707,2.6020889000994107,7.0,52.0,20251110_162826,2025-11-10T16:28:28.458027,summary,31231748.983324077,1624050947.132852,801956519.9937718
,Overhead,AC,394,Advanced Aluminum Conductor,100,0.5934285791360637,LCC Converter,0,False,0,,,40.52226476450384,0.025572592174942513,2.5429029208138796,5.0,42.0,20251110_162828,2025-11-10T16:28:30.281735,summary,16143791.815926261,678039256.268903,349847808.79765695
,Overhead,AC,394,Advanced Aluminum Conductor,100,0.7689324336429006,LCC Converter,0,False,0,,,65.64856188991645,0.025639905953495683,0.5110879100536505,13.0,51.0,20251110_162830,2025-11-10T16:28:32.111061,summary,37621440.47357741,1918693464.152448,775044145.9011965
,Overhead,AC,394,Advanced Aluminum Conductor,100,0.7038094329121178,LCC Converter,0,False,0,,,39.38357858855028,0.03428361276040226,2.317616874057561,18.0,42.0,20251110_162832,2025-11-10T16:28:33.930830,summary,19897662.3026872,835701816.7128625,229170920.69419706
,Overhead,AC,394,Advanced Aluminum Conductor,100,0.6985094835234924,LCC Converter,0,False,0,,,61.019455497936626,0.02303160955423888,0.996513390850757,3.0,54.0,20251110_162834,2025-11-10T16:28:35.789900,summary,30501373.006568804,1647074142.3547153,875275049.6327813
,Overhead,AC,394,Advanced Aluminum Conductor,100,0.6661104378105144,LCC Converter,0,False,0,,,43.736555992086736,0.03805560460249829,2.784290246389394,12.0,53.0,20251110_162836,2025-11-10T16:28:37.593044,summary,20450568.460619695,1083880128.412844,276780656.6571472
,Overhead,AC,394,Advanced Aluminum Conductor,100,0.7016927365986017,LCC Converter,0,False,0,,,54.13425711889144,0.03900590219998517,1.610713815820879,10.0,49.0,20251110_162837,2025-11-10T16:28:39.432943,summary,27233978.239295818,1334464933.725495,393867009.3110077
,Overhead,AC,394,Advanced Aluminum Conductor,100,0.6057660205235685,LCC Converter,0,False,0,,,37.71517707558861,0.02333085268027595,2.9011563162966514,17.0,58.0,20251110_162839,2025-11-10T16:28:41.429531,summary,15456604.764944352,896483076.3667724,315974508.933767
,Overhead,AC,394,Advanced Aluminum Conductor,100,0.6990726703493714,LCC Converter,0,False,0,,,66.00827952234324,0.03559499525912354,2.024289819368529,4.0,50.0,20251110_162841,2025-11-10T16:28:43.298330,summary,33032654.1343031,1651632706.7151551,643021767.836983
,Overhead,AC,394,Advanced Aluminum Conductor,100,0.7198786995825346,LCC Converter,0,False,0,,,71.02554007846761,0.03389770361159449,0.5915512696168836,1.0,58.0,20251110_162843,2025-11-10T16:28:45.139997,summary,37049509.66582286,2148871560.6177263,916631519.7732459
,Overhead,AC,394,Advanced Aluminum Conductor,100,0.7219121909653327,LCC Converter,0,False,0,,,54.39352640231737,0.030535827313243846,0.770217472553568,20.0,54.0,20251110_162845,2025-11-10T16:28:46.988628,summary,28487436.54294932,1538321573.3192632,413302394.4641298
,Overhead,AC,394,Advanced Aluminum Conductor,100,0.7023816532817281,LCC Converter,0,False,0,,,66.44043225854415,0.030592183039301574,2.11522335761139,1.0,47.0,20251110_162847,2025-11-10T16:28:48.883373,summary,33471356.77432889,1573153768.393458,777495226.0707918
,Overhead,AC,394,Advanced Aluminum Conductor,100,0.6485299978990265,LCC Converter,0,False,0,,,43.132599843461364,0.03969227135963095,1.7450111377295194,1.0,53.0,20251110_162849,2025-11-10T16:28:50.823915,summary,19428681.92956025,1029720142.2666934,399224752.789745
,Overhead,AC,394,Advanced Aluminum Conductor,100,0.6734790841866092,LCC Converter,0,False,0,,,51.48989446118699,0.024221423628384108,1.5271789032581606,8.0,53.0,20251110_162851,2025-11-10T16:28:52.738822,summary,24449905.314812396,1295844981.685057,591578181.0148916
,Overhead,AC,394,Advanced Aluminum Conductor,100,0.5673291193266216,LCC Converter,0,False,0,,,65.29401098892113,0.022907027513128432,2.172470145789728,10.0,45.0,20251110_162853,2025-11-10T16:28:54.557973,summary,24461292.686828192,1100758170.9072688,529899201.0529293
,Overhead,AC,394,Advanced Aluminum Conductor,100,0.5793637639838478,LCC Converter,0,False,0,,,59.70799662503592,0.032732059105901636,2.595265087011928,9.0,44.0,20251110_162854,2025-11-10T16:28:56.444532,summary,23018487.13616882,1012813433.991428,378736478.80100286
,Overhead,AC,394,Advanced Aluminum Conductor,100,0.7293335831749298,LCC Converter,0,False,0,,,44.46676534643927,0.030047900839787905,2.6436210967964167,17.0,45.0,20251110_162856,2025-11-10T16:28:58.294774,summary,23629324.383715365,1063319597.2671914,333329279.7691798
,Overhead,AC,394,Advanced Aluminum Conductor,100,0.5880543667891792,LCC Converter,0,False,0,,,64.69000933183851,0.02593313583467283,1.5085578278873546,10.0,52.0,20251110_162858,2025-11-10T16:29:00.122717,summary,25452522.96707241,1323531194.2877653,551867436.1868805
,Overhead,AC,394,Advanced Aluminum Conductor,100,0.5889789950268145,LCC Converter,0,False,0,,,41.06349570787952,0.022462644521873586,0.5278438109129555,10.0,57.0,20251110_162900,2025-11-10T16:29:01.947962,summary,16191409.593383247,922910346.8228451,418879588.85269374
,Overhead,AC,394,Advanced Aluminum Conductor,100,0.6945492708894907,LCC Converter,0,False,0,,,59.545594458393936,0.04067812054024943,2.9983587110861207,4.0,48.0,20251110_162902,2025-11-10T16:29:03.806065,summary,29526887.85176623,1417290616.884779,487166778.1227045
,Overhead,AC,394,Advanced Aluminum Conductor,100,0.7433070909969185,LCC Converter,0,False,0,,,67.68947586913501,0.027721127373535666,2.0903479151588327,3.0,58.0,20251110_162904,2025-11-10T16:29:05.703893,summary,36955076.22659296,2143394421.1423917,947960801.0158688
,Overhead,AC,394,Advanced Aluminum Conductor,100,0.7164789913232866,LCC Converter,0,False,0,,,42.276165612899234,0.038485191974111134,2.3919097279178576,11.0,55.0,20251110_162906,2025-11-10T16:29:07.550231,summary,21905255.438016556,1204789049.0909107,311801407.55917054
,Overhead,AC,394,Advanced Aluminum Conductor,100,0.5630972178066643,LCC Converter,0,False,0,,,44.347052020805776,0.03828359708351311,1.2003921123831265,17.0,49.0,20251110_162907,2025-11-10T16:29:09.402137,summary,16445417.579268554,805825461.3841592,189388239.653542
,Overhead,AC,394,Advanced Aluminum Conductor,100,0.7671758779042552,LCC Converter,0,False,0,,,66.82407816987951,0.032162385354336465,0.7905955270169921,5.0,41.0,20251110_162909,2025-11-10T16:29:11.295247,summary,38169675.579224,1564956698.748184,741276459.938883
,Overhead,AC,394,Advanced Aluminum Conductor,100,0.5708525159368781,LCC Converter,0,False,0,,,59.83793426709455,0.04091960958509477,2.9726437441167888,18.0,50.0,20251110_162911,2025-11-10T16:29:13.201123,summary,22607196.142985992,1130359807.1492996,214609989.20304203
,Overhead,AC,394,Advanced Aluminum Conductor,100,0.691520544315084,LCC Converter,0,False,0,,,41.775974110172136,0.041147586643569226,1.1266083241467038,16.0,49.0,20251110_162913,2025-11-10T16:29:15.089165,summary,20588263.96668512,1008824934.3675709,224928597.16852975
,Overhead,AC,394,Advanced Aluminum Conductor,100,0.6348243102853739,LCC Converter,0,False,0,,,42.70823661708049,0.02255851042396285,2.1853147478031705,0.0,59.0,20251110_162915,2025-11-10T16:29:16.987042,summary,18674417.129678216,1101790610.6510148,590021371.6188682
,Overhead,AC,394,Advanced Aluminum Conductor,100,0.6458319427102104,LCC Converter,0,False,0,,,62.09031404575531,0.022193741748881914,2.568572601325402,18.0,49.0,20251110_162917,2025-11-10T16:29:18.847910,summary,27806072.021028385,1362497529.0303907,537256921.5895209
,Overhead,AC,394,Advanced Aluminum Conductor,100,0.695492001699601,LCC Converter,0,False,0,,,71.25657873831666,0.028071317135946638,2.782330728603364,11.0,44.0,20251110_162919,2025-11-10T16:29:20.732840,summary,35401660.2982119,1557673053.1213236,623419744.2565732
,Overhead,AC,394,Advanced Aluminum Conductor,100,0.5821168865803257,LCC Converter,0,False,0,,,46.324642072272184,0.024586215324590464,2.810802448873639,14.0,59.0,20251110_162921,2025-11-10T16:29:22.745259,summary,17975112.402986143,1060531631.7761824,379160064.32611483
,Overhead,AC,394,Advanced Aluminum Conductor,100,0.7569961178590456,LCC Converter,0,False,0,,,37.889712445218926,0.04079222817870418,2.7926089069225153,2.0,44.0,20251110_162923,2025-11-10T16:29:24.698531,summary,21232275.56391604,934220124.8123057,370254303.6929056
,Overhead,AC,394,Advanced Aluminum Conductor,100,0.5735572440526924,LCC Converter,0,False,0,,,56.47151234098523,0.033460215629945333,2.2386011855997463,12.0,60.0,20251110_162925,2025-11-10T16:29:26.614511,summary,21473335.67034453,1288400140.220672,357476773.7296664
,Overhead,AC,394,Advanced Aluminum Conductor,100,0.706550391619432,LCC Converter,0,False,0,,,36.543201053523504,0.026736830034243583,1.678728784275414,0.0,56.0,20251110_162927,2025-11-10T16:29:28.624459,summary,18564344.716491424,1039603304.1235197,526386779.72451156
,Overhead,AC,394,Advanced Aluminum Conductor,100,0.6040356929691792,LCC Converter,0,False,0,,,64.24738452931685,0.02892002062756774,2.3546637067280214,11.0,47.0,20251110_162928,2025-11-10T16:29:30.610513,summary,26226652.456933975,1232652665.4758968,470667405.6676519
,Overhead,AC,394,Advanced Aluminum Conductor,100,0.6027331644180757,LCC Converter,0,False,0,,,64.9326780350439,0.032412440592120395,0.9909319324422987,18.0,58.0,20251110_162930,2025-11-10T16:29:32.578901,summary,26427763.130250297,1532810261.5545173,387105616.5319192
,Overhead,AC,394,Advanced Aluminum Conductor,100,0.64753844443024,LCC Converter,0,False,0,,,49.57875630963143,0.029004624877181,0.9805047895920556,19.0,46.0,20251110_162932,2025-11-10T16:29:34.521797,summary,22284737.452920154,1025097922.8343271,326677580.38898623
,Overhead,AC,394,Advanced Aluminum Conductor,100,0.6239800925086206,LCC Converter,0,False,0,,,60.255834720712606,0.0358545553887436,2.5077511297835433,6.0,58.0,20251110_162934,2025-11-10T16:29:36.480908,summary,25725351.70487299,1492070398.8826332,479365348.4173917
,Overhead,AC,394,Advanced Aluminum Conductor,100,0.5740206383353735,LCC Converter,0,False,0,,,44.304087248557465,0.03937251541341759,2.401856455672437,9.0,47.0,20251110_162936,2025-11-10T16:29:38.424118,summary,16865239.075977217,792666236.5709292,239970367.4238851
,Overhead,AC,394,Advanced Aluminum Conductor,100,0.6902886383732075,LCC Converter,0,False,0,,,45.02484425645152,0.02889643599699354,1.104908920603928,5.0,50.0,20251110_162938,2025-11-10T16:29:40.365554,summary,22133729.362513218,1106686468.125661,502905374.85436547
,Overhead,AC,394,Advanced Aluminum Conductor,100,0.6731991252443714,LCC Converter,0,False,0,,,47.499153154330145,0.033590066152766926,1.8715510062640304,11.0,42.0,20251110_162940,2025-11-10T16:29:42.308911,summary,22541759.772678915,946753910.4525144,340166133.1172205
,Overhead,AC,394,Advanced Aluminum Conductor,100,0.5649190148361773,LCC Converter,0,False,0,,,49.25414181378772,0.03959626250634474,1.5756088433720232,13.0,41.0,20251110_162942,2025-11-10T16:29:44.317101,summary,18345586.295335423,752169038.1087524,217830632.9676321
,Overhead,AC,394,Advanced Aluminum Conductor,100,0.713768284498619,LCC Converter,0,False,0,,,70.23606279502013,0.023618619696914412,1.7107510728796904,3.0,54.0,20251110_162944,2025-11-10T16:29:46.232872,summary,36197642.37949877,1954672688.4929338,1006995437.3559349
,Overhead,AC,394,Advanced Aluminum Conductor,100,0.6918078611030647,LCC Converter,0,False,0,,,53.99411878470377,0.022809038276533557,2.6590927161956355,5.0,46.0,20251110_162946,2025-11-10T16:29:48.212458,summary,26625254.483273588,1224761706.230585,648561614.1535674
,Overhead,AC,394,Advanced Aluminum Conductor,100,0.7682761014819837,LCC Converter,0,False,0,,,66.66280040918436,0.022106066509640043,1.5568917765995876,2.0,48.0,20251110_162948,2025-11-10T16:29:50.196146,summary,38155902.79340104,1831483334.08325,1060756790.5915571
,Overhead,AC,394,Advanced Aluminum Conductor,100,0.6529632375018859,LCC Converter,0,False,0,,,43.42662885111394,0.027830641765549162,1.4524125041945966,7.0,51.0,20251110_162950,2025-11-10T16:29:52.164634,summary,19747804.58961419,1007138034.0703237,435686826.2140465
,Overhead,AC,394,Advanced Aluminum Conductor,100,0.5801311716828422,LCC Converter,0,False,0,,,67.80318443466129,0.024152472575144263,1.2815438311709397,5.0,45.0,20251110_162952,2025-11-10T16:29:54.148200,summary,26186666.191483196,1178399978.6167438,629257905.9749516
,Overhead,AC,394,Advanced Aluminum Conductor,100,0.678352785212677,LCC Converter,0,False,0,,,53.89878046457197,0.03399405648658527,2.965716911774661,4.0,46.0,20251110_162954,2025-11-10T16:29:56.108342,summary,25854049.943864737,1189286297.4177778,489168183.6824286
,Overhead,AC,394,Advanced Aluminum Conductor,100,0.6468354458647978,LCC Converter,0,False,0,,,74.39732675840078,0.03282586017745959,1.6486429395577937,0.0,53.0,20251110_162956,2025-11-10T16:29:58.053367,summary,33389669.94383013,1769652507.022997,816257854.7985464
,Overhead,AC,394,Advanced Aluminum Conductor,100,0.5614422429554412,LCC Converter,0,False,0,,,59.13669607625898,0.021463996981688237,2.1597707540849416,2.0,43.0,20251110_162958,2025-11-10T16:29:59.970801,summary,21842324.056609582,939219934.4342121,569764725.4234502
,Overhead,AC,394,Advanced Aluminum Conductor,100,0.6635983142993281,LCC Converter,0,False,0,,,44.911020796826136,0.03577737062903637,1.01435236236809,15.0,55.0,20251110_163000,2025-11-10T16:30:01.807871,summary,20888990.4194857,1148894473.0717134,294599955.355354
,Overhead,AC,394,Advanced Aluminum Conductor,100,0.7695907884061822,LCC Converter,0,False,0,,,66.51042146908324,0.030204253927046724,1.724330997275034,16.0,42.0,20251110_163002,2025-11-10T16:30:03.644255,summary,38162181.10014865,1602811606.2062433,548007682.6840577
,Overhead,AC,394,Advanced Aluminum Conductor,100,0.5611659718964291,LCC Converter,0,False,0,,,50.35514606227501,0.023135231550588137,2.302025426260066,5.0,52.0,20251110_163004,2025-11-10T16:30:05.489253,summary,18586389.90239248,966492274.924409,483800353.07858104
,Overhead,AC,394,Advanced Aluminum Conductor,100,0.6175159907793012,LCC Converter,0,False,0,,,37.9817365037166,0.030462059956667818,0.8450978252363902,2.0,52.0,20251110_163005,2025-11-10T16:30:07.383732,summary,15983886.46951212,831162096.4146302,392169615.06167907
,Overhead,AC,394,Advanced Aluminum Conductor,100,0.6188437272886312,LCC Converter,0,False,0,,,53.709326980057426,0.026254066818147185,1.8016782396154807,2.0,45.0,20251110_163007,2025-11-10T16:30:09.291169,summary,22669733.198426813,1020137993.9292066,552826271.6710644
,Overhead,AC,394,Advanced Aluminum Conductor,100,0.5809821081633552,LCC Converter,0,False,0,,,45.55640602408056,0.03606132767896665,2.854862388594367,19.0,52.0,20251110_163009,2025-11-10T16:30:11.186734,summary,17629903.971277118,916755006.5064101,196523481.6992851
,Overhead,AC,394,Advanced Aluminum Conductor,100,0.5684375792008424,LCC Converter,0,False,0,,,68.04495852650979,0.041396775074772706,1.864664510450091,17.0,52.0,20251110_163011,2025-11-10T16:30:13.074904,summary,25559758.8948047,1329107462.5298445,262851039.1592865
,Overhead,AC,394,Advanced Aluminum Conductor,100,0.6832180747898808,LCC Converter,0,False,0,,,39.56011141838957,0.03344980816532015,0.705715543549183,18.0,49.0,20251110_163013,2025-11-10T16:30:15.128475,summary,19167612.368417647,939213006.0524647,256190195.31887576
,Overhead,AC,394,Advanced Aluminum Conductor,100,0.6463647892890739,LCC Converter,0,False,0,,,63.07494455239932,0.022503280629175337,1.4478332226695592,13.0,40.0,20251110_163015,2025-11-10T16:30:16.988840,summary,28279479.741884552,1131179189.6753821,549125258.3965772
,Overhead,AC,394,Advanced Aluminum Conductor,100,0.6152511357304402,LCC Converter,0,False,0,,,66.9738493307143,0.028626549857752995,2.2029765812142603,14.0,46.0,20251110_163017,2025-11-10T16:30:18.890407,summary,28041969.879039884,1289930614.4358346,463688987.88159055
,Overhead,AC,394,Advanced Aluminum Conductor,100,0.7605778114591047,LCC Converter,0,False,0,,,68.26786935488822,0.023500921158883185,1.4646021350109752,2.0,60.0,20251110_163019,2025-11-10T16:30:20.759894,summary,38514654.19322128,2310879251.5932765,1163621270.1926463
,Overhead,AC,394,Advanced Aluminum Conductor,100,0.6874941383755728,LCC Converter,0,False,0,,,58.46514278596913,0.02166572058805246,2.535192694312004,10.0,42.0,20251110_163021,2025-11-10T16:30:22.671825,summary,28577159.965868082,1200240718.5664594,611376691.0012075
,Overhead,AC,394,Advanced Aluminum Conductor,100,0.6520280598263108,LCC Converter,0,False,0,,,44.018771375198064,0.029384365227208997,1.1995323257412451,13.0,55.0,20251110_163023,2025-11-10T16:30:24.532112,summary,19977098.023574952,1098740391.2966223,369545817.2167245
,Overhead,AC,394,Advanced Aluminum Conductor,100,0.599319663675864,LCC Converter,0,False,0,,,70.16401077959642,0.03861049760807026,1.0184247823203072,4.0,46.0,20251110_163024,2025-11-10T16:30:26.410830,summary,28334724.167046122,1303397311.6841216,519905511.0859787
,Overhead,AC,394,Advanced Aluminum Conductor,100,0.7319701003275816,LCC Converter,0,False,0,,,53.31996518027082,0.02728756297666084,0.8778394641081446,1.0,51.0,20251110_163026,2025-11-10T16:30:28.281745,summary,28479631.609321605,1452461212.0754018,761075714.8344768
,Overhead,AC,394,Advanced Aluminum Conductor,100,0.71418353682353,LCC Converter,0,False,0,,,40.45464040573224,0.029674287339794832,1.6029995640899697,15.0,42.0,20251110_163028,2025-11-10T16:30:30.194392,summary,20866339.934563816,876386277.2516803,315092397.2491151
,Overhead,AC,394,Advanced Aluminum Conductor,100,0.6942227490498277,LCC Converter,0,False,0,,,74.54583811813221,0.02544153822231258,1.7670270969295485,18.0,55.0,20251110_163030,2025-11-10T16:30:32.026898,summary,36940564.72040815,2031731059.6224482,678579603.3204844
,Overhead,AC,394,Advanced Aluminum Conductor,100,0.562628690139099,LCC Converter,0,False,0,,,49.69548085135792,0.037993275410104534,2.4104001092652636,6.0,51.0,20251110_163032,2025-11-10T16:30:33.920048,summary,18407946.5181097,938805272.4235948,312653825.02296746
,Overhead,AC,394,Advanced Aluminum Conductor,100,0.7389340020086901,LCC Converter,0,False,0,,,48.197625438004046,0.021970317226278978,1.1336432714369855,11.0,52.0,20251110_163034,2025-11-10T16:30:35.772621,summary,26093069.520843115,1356839615.083842,631236055.4594113
,Overhead,AC,394,Advanced Aluminum Conductor,100,0.5897098296452925,LCC Converter,0,False,0,,,41.956341711494936,0.039964527684686876,0.9524470925772096,3.0,46.0,20251110_163036,2025-11-10T16:30:37.631772,summary,16571606.755506018,762293910.7532768,308458331.4887637
,Overhead,AC,394,Advanced Aluminum Conductor,100,0.762318917429383,LCC Converter,0,False,0,,,73.99362556838523,0.041058588102059805,1.971132586352579,18.0,48.0,20251110_163037,2025-11-10T16:30:39.470191,summary,41881891.41222093,2010330787.786605,406531758.6494662
,Overhead,AC,394,Advanced Aluminum Conductor,100,0.7210787414493587,LCC Converter,0,False,0,,,46.551355161278586,0.03737541306563646,1.3383477201404717,19.0,42.0,20251110_163039,2025-11-10T16:30:41.290260,summary,24340334.326408874,1022294041.7091727,251717188.996718
,Overhead,AC,394,Advanced Aluminum Conductor,100,0.7345271076449892,LCC Converter,0,False,0,,,37.174913626461205,0.028527330212086543,2.753365219577817,2.0,58.0,20251110_163041,2025-11-10T16:30:43.110458,summary,19954905.07527446,1157384494.3659186,506270601.168281
,Overhead,AC,394,Advanced Aluminum Conductor,100,0.649798349877778,LCC Converter,0,False,0,,,74.13364442302107,0.03494080580421762,0.8126635832029657,8.0,43.0,20251110_163043,2025-11-10T16:30:44.964806,summary,33483866.229711752,1439806247.8776054,565436315.6079446
,Overhead,AC,394,Advanced Aluminum Conductor,100,0.5604790324193367,LCC Converter,0,False,0,,,57.73979772530276,0.030005809263324173,1.0447895749359346,7.0,56.0,20251110_163045,2025-11-10T16:30:46.789855,summary,21276654.652992535,1191492660.567582,465807773.21685505
,Overhead,AC,394,Advanced Aluminum Conductor,100,0.6690878757558333,LCC Converter,0,False,0,,,55.47987648231248,0.036471046788702034,1.058126930654948,5.0,46.0,20251110_163047,2025-11-10T16:30:48.639943,summary,26104094.12792771,1200788329.8846745,482200050.4053635
,Overhead,AC,394,Advanced Aluminum Conductor,100,0.625628127040463,LCC Converter,0,False,0,,,47.26762429963286,0.02261156033808608,2.4631966237096554,14.0,50.0,20251110_163048,2025-11-10T16:30:50.477668,summary,20254056.818701077,1012702840.9350538,426656412.3607802
,Overhead,AC,394,Advanced Aluminum Conductor,100,0.7439229084853237,LCC Converter,0,False,0,,,68.50601018004173,0.036875346814677204,2.3830919922493226,20.0,52.0,20251110_163050,2025-11-10T16:30:52.368586,summary,37445071.883437835,1947143737.9387674,396921625.7652882
,Overhead,AC,394,Advanced Aluminum Conductor,100,0.7256805432755308,LCC Converter,0,False,0,,,40.92526170223113,0.02538163315262283,2.041279970326424,8.0,55.0,20251110_163052,2025-11-10T16:30:54.194009,summary,21592758.395790454,1187601711.768475,507348450.68656534
,Overhead,AC,394,Advanced Aluminum Conductor,100,0.7339000504439608,LCC Converter,0,False,0,,,41.91524776417655,0.031812890227878865,2.222883102282057,8.0,59.0,20251110_163054,2025-11-10T16:30:56.015299,summary,22472106.943668496,1325854309.6764412,445780785.28244454
,Overhead,AC,394,Advanced Aluminum Conductor,100,0.5721111188830147,LCC Converter,0,False,0,,,73.7135055351051,0.03869044768537586,2.493054222427495,0.0,60.0,20251110_163056,2025-11-10T16:30:57.892447,summary,27933250.18922073,1675995011.3532438,612244869.2630286
,Overhead,AC,394,Advanced Aluminum Conductor,100,0.6636504116199612,LCC Converter,0,False,0,,,52.526286651651944,0.04083313225021721,0.6125729925290786,3.0,43.0,20251110_163058,2025-11-10T16:30:59.779441,summary,24433682.031090464,1050648327.33689,442550081.5306211
,Overhead,AC,394,Advanced Aluminum Conductor,100,0.6212305902767118,LCC Converter,0,False,0,,,50.8079189034414,0.025795255913697454,2.043859789469196,9.0,44.0,20251110_163100,2025-11-10T16:31:01.621160,summary,21559555.747159578,948620452.8750215,436127627.96594137
,Overhead,AC,394,Advanced Aluminum Conductor,100,0.6505328405939915,LCC Converter,0,False,0,,,58.030169783405015,0.031273507283578146,1.5433247746364085,6.0,49.0,20251110_163101,2025-11-10T16:31:03.552145,summary,26251735.232005727,1286335026.3682806,534475099.30325663
,Overhead,AC,394,Advanced Aluminum Conductor,100,0.6538305181481658,LCC Converter,0,False,0,,,72.31893425138013,0.03852164017923615,2.67907494790448,13.0,59.0,20251110_163103,2025-11-10T16:31:05.389338,summary,32947235.90385212,1943886918.327275,438276739.9415524
,Overhead,AC,394,Advanced Aluminum Conductor,100,0.5981423004098069,LCC Converter,0,False,0,,,69.67169272885666,0.02216515998610566,1.9664018034821382,14.0,56.0,20251110_163105,2025-11-10T16:31:07.262451,summary,28059963.654760413,1571357964.666583,644702305.1960784
,Overhead,AC,394,Advanced Aluminum Conductor,100,0.7661349190461871,LCC Converter,0,False,0,,,47.69189797106903,0.023721571192488442,2.26133681196315,14.0,60.0,20251110_163107,2025-11-10T16:31:09.148768,summary,27188454.36648359,1631307261.9890156,605096175.2885544
,Overhead,AC,394,Advanced Aluminum Conductor,100,0.651253882872242,LCC Converter,0,False,0,,,52.77461835840618,0.040463935067388254,0.9590562449281095,2.0,42.0,20251110_163109,2025-11-10T16:31:11.149272,summary,23911127.620978642,1004267360.081103,443407873.5465229
,Overhead,AC,394,Advanced Aluminum Conductor,100,0.6020355131260611,LCC Converter,0,False,0,,,48.75884154939807,0.03508931271416647,1.4803259171487013,16.0,47.0,20251110_163111,2025-11-10T16:31:13.053593,summary,19813372.600954145,931228512.2448448,256609151.0775825
,Overhead,AC,394,Advanced Aluminum Conductor,100,0.6532156764537829,LCC Converter,0,False,0,,,70.87628045415808,0.03793235129225092,2.2811335648709,20.0,50.0,20251110_163113,2025-11-10T16:31:15.014592,summary,32247630.583800863,1612381529.1900432,325106514.1995485
,Overhead,AC,394,Advanced Aluminum Conductor,100,0.7488927885722259,LCC Converter,0,False,0,,,67.2767809586417,0.03620307369590726,1.90479369068587,18.0,54.0,20251110_163115,2025-11-10T16:31:16.869491,summary,37124346.49053869,2004714710.489089,446797594.8773295
,Overhead,AC,394,Advanced Aluminum Conductor,100,0.6207766444843554,LCC Converter,0,False,0,,,51.85650698874375,0.027034507442025308,0.7250555558211642,19.0,55.0,20251110_163117,2025-11-10T16:31:18.705857,summary,21982271.990617633,1209024959.4839697,379652906.9827967
,Overhead,AC,394,Advanced Aluminum Conductor,100,0.6281145904473314,LCC Converter,0,False,0,,,53.44566809329382,0.02392732741855587,0.5362336629750195,10.0,44.0,20251110_163119,2025-11-10T16:31:20.583146,summary,23027518.44558009,1013210811.6055241,496728458.2160877
,Overhead,AC,394,Advanced Aluminum Conductor,100,0.6707880637152493,LCC Converter,0,False,0,,,42.7827194896938,0.039677786329257315,2.8275964644540084,20.0,55.0,20251110_163120,2025-11-10T16:31:22.496720,summary,20201604.09105882,1111088225.0082352,192142346.16918764
,Overhead,AC,394,Advanced Aluminum Conductor,100,0.613304621728777,LCC Converter,0,False,0,,,60.948024046871716,0.028682214079510278,1.1794079428996271,11.0,53.0,20251110_163122,2025-11-10T16:31:24.363249,summary,25407563.764116257,1346600879.4981616,501472950.6371416
,Overhead,AC,394,Advanced Aluminum Conductor,100,0.6144251849967799,LCC Converter,0,False,0,,,48.247140081662806,0.027659380155854858,1.6361946848932034,9.0,47.0,20251110_163124,2025-11-10T16:31:26.233331,summary,20163656.316433974,947691846.8723967,404996026.9214913
,Overhead,AC,394,Advanced Aluminum Conductor,100,0.6808767928508449,LCC Converter,0,False,0,,,49.47828375792464,0.03456567263595889,1.2101025546027817,9.0,46.0,20251110_163126,2025-11-10T16:31:28.129481,summary,23857768.405887518,1097457346.6708257,399004657.69157314
,Overhead,AC,394,Advanced Aluminum Conductor,100,0.5749988680964303,LCC Converter,0,False,0,,,38.49142275255998,0.03720663840343864,2.1267802950371433,3.0,46.0,20251110_163128,2025-11-10T16:31:29.997516,summary,14686624.069981521,675584707.21915,276246629.515112
,Overhead,AC,394,Advanced Aluminum Conductor,100,0.6775263004003685,LCC Converter,0,False,0,,,63.824767609204216,0.03630957834281311,0.551329530441146,11.0,49.0,20251110_163130,2025-11-10T16:31:31.967737,summary,30562967.31370517,1497585398.3715532,477113238.04997504
,Overhead,AC,394,Advanced Aluminum Conductor,100,0.7537868169872871,LCC Converter,0,False,0,,,35.225090395882106,0.04024095547747565,2.9496339321368885,14.0,59.0,20251110_163132,2025-11-10T16:31:33.845437,summary,19619513.48828317,1157551295.808707,234518424.86786902
,Overhead,AC,394,Advanced Aluminum Conductor,100,0.6167265053607115,LCC Converter,0,False,0,,,65.08158901998485,0.04095814422844542,2.1797641207477065,12.0,57.0,20251110_163134,2025-11-10T16:31:35.706423,summary,27339974.093763456,1558378523.344517,353368543.1560205
,Overhead,AC,394,Advanced Aluminum Conductor,100,0.5859299214660781,LCC Converter,0,False,0,,,55.64667240675622,0.03880377086747408,0.865564217564625,16.0,48.0,20251110_163136,2025-11-10T16:31:37.626089,summary,21786107.751523685,1045733172.0731368,257535713.83725291
,Overhead,AC,394,Advanced Aluminum Conductor,100,0.7262846879468992,LCC Converter,0,False,0,,,64.07331414858757,0.029198433070819967,0.5704780303734766,19.0,51.0,20251110_163137,2025-11-10T16:31:39.485056,summary,33845994.009630084,1726145694.4911342,522732474.02663904
,Overhead,AC,394,Advanced Aluminum Conductor,100,0.5828619013912494,LCC Converter,0,False,0,,,52.41665492991125,0.032483257600726734,1.9829659620371878,12.0,59.0,20251110_163139,2025-11-10T16:31:41.344402,summary,20374585.179889847,1202100525.6135008,351358829.7991356
,Overhead,AC,394,Advanced Aluminum Conductor,100,0.755829825115823,LCC Converter,0,False,0,,,53.57567058657517,0.03299440285886065,1.272098184549661,11.0,58.0,20251110_163141,2025-11-10T16:31:43.192666,summary,29956070.309515703,1737452077.9519107,533877570.9273198
,Overhead,AC,394,Advanced Aluminum Conductor,100,0.6330048321353319,LCC Converter,0,False,0,,,66.28870562416121,0.028472546420398218,1.161141564645387,6.0,46.0,20251110_163143,2025-11-10T16:31:45.046369,summary,28869868.957139578,1328013972.0284207,618458064.1940876
,Overhead,AC,394,Advanced Aluminum Conductor,100,0.655636878720667,LCC Converter,0,False,0,,,57.62780367625777,0.02284124378806906,1.2299103927502721,10.0,54.0,20251110_163145,2025-11-10T16:31:46.901259,summary,26355503.18008399,1423197171.7245355,645327136.0643276
,Overhead,AC,394,Advanced Aluminum Conductor,100,0.7053566416765786,LCC Converter,0,False,0,,,73.18520527819166,0.03908764947276545,1.4179500674333223,4.0,50.0,20251110_163147,2025-11-10T16:31:48.756081,summary,37090103.980961494,1854505199.0480747,683260545.0242856
,Overhead,AC,394,Advanced Aluminum Conductor,100,0.7452403551759605,LCC Converter,0,False,0,,,38.209393752190365,0.029695958238807187,1.6567238013970411,1.0,53.0,20251110_163149,2025-11-10T16:31:50.589773,summary,20937871.799815975,1109707205.3902466,529276683.5671699
,Overhead,AC,394,Advanced Aluminum Conductor,100,0.7247242514108667,LCC Converter,0,False,0,,,46.45181698539762,0.034875692457761065,0.7400560153010842,19.0,56.0,20251110_163150,2025-11-10T16:31:52.447360,summary,24462787.864159636,1369916120.3929396,314853395.56894135
,Overhead,AC,394,Advanced Aluminum Conductor,100,0.5964698234529174,LCC Converter,0,False,0,,,55.97708641105971,0.026004526140302693,2.5633624679439606,1.0,42.0,20251110_163152,2025-11-10T16:31:54.291682,summary,22457957.677258577,943234222.4448602,533526522.64840436
,Overhead,AC,394,Advanced Aluminum Conductor,100,0.6086539404797531,LCC Converter,0,False,0,,,61.80142145501443,0.02687748574830624,1.0393095845247422,10.0,48.0,20251110_163154,2025-11-10T16:31:56.119569,summary,25494253.967856705,1223724190.4571218,523320099.58664536
,Overhead,AC,394,Advanced Aluminum Conductor,100,0.7003724369694428,LCC Converter,0,False,0,,,40.14216246972955,0.03325180962228855,2.073336541352047,8.0,40.0,20251110_163156,2025-11-10T16:31:57.947871,summary,20141167.699785326,805646707.991413,328511637.2663685
