project_name,construction_type,ac_dc,capacity_mw,conductor_type,line_length_miles,line_utilization,converter_type,number_of_converters,reconductoring,old_capacity_mw,old_conductor_type,old_ac_dc,baseline_electricity_price_per_mwh,social_discount_rate,construction_years,delay_years,project_lifetime_years,scenario_id,timestamp,row_type,terrain,miles,outage_rate,outages_per_year,duration_base,duration_multiplier,duration_effective,unserved_mwh_per_event,cost_per_event,annual_cost,capacity_at_risk
,Overhead,AC,394,Advanced Aluminum Conductor,100,0.7,LCC Converter,0,True,140,Standard Aluminum Conductor,AC,50.0,0.03,1,1.5,50,20251105_141849,2025-11-05T14:18:52.738356,detail,forested,25,0.04,1.0,8,1.0,8.0,3152.0,23640000.0,23640000.0,1.0
,Overhead,AC,394,Advanced Aluminum Conductor,100,0.7,LCC Converter,0,True,140,Standard Aluminum Conductor,AC,50.0,0.03,1,1.5,50,20251105_141849,2025-11-05T14:18:52.738356,detail,scrubbed_flat,35,0.021,0.7350000000000001,4,1.0,4.0,1576.0,7880000.0,5791800.000000001,1.0
,Overhead,AC,394,Advanced Aluminum Conductor,100,0.7,LCC Converter,0,True,140,Standard Aluminum Conductor,AC,50.0,0.03,1,1.5,50,20251105_141849,2025-11-05T14:18:52.738356,detail,wetland,5,0.012,0.06,6,1.0,6.0,2364.0,15760000.0,945600.0,1.0
,Overhead,AC,394,Advanced Aluminum Conductor,100,0.7,LCC Converter,0,True,140,Standard Aluminum Conductor,AC,50.0,0.03,1,1.5,50,20251105_141849,2025-11-05T14:18:52.738356,detail,farmland,20,0.016,0.32,3,1.0,3.0,1182.0,5910000.0,1891200.0,1.0
,Overhead,AC,394,Advanced Aluminum Conductor,100,0.7,LCC Converter,0,True,140,Standard Aluminum Conductor,AC,50.0,0.03,1,1.5,50,20251105_141849,2025-11-05T14:18:52.738356,detail,rolling_hills,15,0.025,0.375,6,1.0,6.0,2364.0,15760000.0,5910000.0,1.0
,Overhead,AC,394,Advanced Aluminum Conductor,100,0.7,LCC Converter,0,True,140,Standard Aluminum Conductor,AC,50.0,0.03,1,1.5,50,20251105_141849,2025-11-05T14:18:52.738356,summary,all,100,,2.49,,,,,,38178600.0,1.0
,Overhead,AC,394,Advanced Aluminum Conductor,100,0.7,LCC Converter,0,True,140,Standard Aluminum Conductor,AC,50.0,0.03,1,1.5,50,20251105_142009,2025-11-05T14:20:10.551153,detail,forested,25,0.04,1.0,8,1.0,8.0,3152.0,23640000.0,23640000.0,1.0
,Overhead,AC,394,Advanced Aluminum Conductor,100,0.7,LCC Converter,0,True,140,Standard Aluminum Conductor,AC,50.0,0.03,1,1.5,50,20251105_142009,2025-11-05T14:20:10.551153,detail,scrubbed_flat,35,0.021,0.7350000000000001,4,1.0,4.0,1576.0,7880000.0,5791800.000000001,1.0
,Overhead,AC,394,Advanced Aluminum Conductor,100,0.7,LCC Converter,0,True,140,Standard Aluminum Conductor,AC,50.0,0.03,1,1.5,50,20251105_142009,2025-11-05T14:20:10.551153,detail,wetland,5,0.012,0.06,6,1.0,6.0,2364.0,15760000.0,945600.0,1.0
,Overhead,AC,394,Advanced Aluminum Conductor,100,0.7,LCC Converter,0,True,140,Standard Aluminum Conductor,AC,50.0,0.03,1,1.5,50,20251105_142009,2025-11-05T14:20:10.551153,detail,farmland,20,0.016,0.32,3,1.0,3.0,1182.0,5910000.0,1891200.0,1.0
,Overhead,AC,394,Advanced Aluminum Conductor,100,0.7,LCC Converter,0,True,140,Standard Aluminum Conductor,AC,50.0,0.03,1,1.5,50,20251105_142009,2025-11-05T14:20:10.551153,detail,rolling_hills,15,0.025,0.375,6,1.0,6.0,2364.0,15760000.0,5910000.0,1.0
,Overhead,AC,394,Advanced Aluminum Conductor,100,0.7,LCC Converter,0,True,140,Standard Aluminum Conductor,AC,50.0,0.03,1,1.5,50,20251105_142009,2025-11-05T14:20:10.551153,summary,all,100,,2.49,,,,,,38178600.0,1.0
,Overhead,AC,394,Advanced Aluminum Conductor,100,0.7,LCC Converter,0,True,140,Standard Aluminum Conductor,AC,50.0,0.03,1,1.5,50,20251105_142338,2025-11-05T14:23:39.788481,detail,forested,25,0.04,1.0,8,1.0,8.0,3152.0,23640000.0,23640000.0,1.0
,Overhead,AC,394,Advanced Aluminum Conductor,100,0.7,LCC Converter,0,True,140,Standard Aluminum Conductor,AC,50.0,0.03,1,1.5,50,20251105_142338,2025-11-05T14:23:39.788481,detail,scrubbed_flat,35,0.021,0.7350000000000001,4,1.0,4.0,1576.0,7880000.0,5791800.000000001,1.0
,Overhead,AC,394,Advanced Aluminum Conductor,100,0.7,LCC Converter,0,True,140,Standard Aluminum Conductor,AC,50.0,0.03,1,1.5,50,20251105_142338,2025-11-05T14:23:39.788481,detail,wetland,5,0.012,0.06,6,1.0,6.0,2364.0,15760000.0,945600.0,1.0
,Overhead,AC,394,Advanced Aluminum Conductor,100,0.7,LCC Converter,0,True,140,Standard Aluminum Conductor,AC,50.0,0.03,1,1.5,50,20251105_142338,2025-11-05T14:23:39.788481,detail,farmland,20,0.016,0.32,3,1.0,3.0,1182.0,5910000.0,1891200.0,1.0
,Overhead,AC,394,Advanced Aluminum Conductor,100,0.7,LCC Converter,0,True,140,Standard Aluminum Conductor,AC,50.0,0.03,1,1.5,50,20251105_142338,2025-11-05T14:23:39.788481,detail,rolling_hills,15,0.025,0.375,6,1.0,6.0,2364.0,15760000.0,5910000.0,1.0
,Overhead,AC,394,Advanced Aluminum Conductor,100,0.7,LCC Converter,0,True,140,Standard Aluminum Conductor,AC,50.0,0.03,1,1.5,50,20251105_142338,2025-11-05T14:23:39.788481,summary,all,100,,2.49,,,,,,38178600.0,1.0
,Overhead,AC,394,Advanced Aluminum Conductor,100,0.7,LCC Converter,0,True,140,Standard Aluminum Conductor,AC,50.0,0.03,1,1.5,50,20251105_142501,2025-11-05T14:25:02.745772,detail,forested,25,0.04,1.0,8,1.0,8.0,3152.0,23640000.0,23640000.0,1.0
,Overhead,AC,394,Advanced Aluminum Conductor,100,0.7,LCC Converter,0,True,140,Standard Aluminum Conductor,AC,50.0,0.03,1,1.5,50,20251105_142501,2025-11-05T14:25:02.745772,detail,scrubbed_flat,35,0.021,0.7350000000000001,4,1.0,4.0,1576.0,7880000.0,5791800.000000001,1.0
,Overhead,AC,394,Advanced Aluminum Conductor,100,0.7,LCC Converter,0,True,140,Standard Aluminum Conductor,AC,50.0,0.03,1,1.5,50,20251105_142501,2025-11-05T14:25:02.745772,detail,wetland,5,0.012,0.06,6,1.0,6.0,2364.0,15760000.0,945600.0,1.0
,Overhead,AC,394,Advanced Aluminum Conductor,100,0.7,LCC Converter,0,True,140,Standard Aluminum Conductor,AC,50.0,0.03,1,1.5,50,20251105_142501,2025-11-05T14:25:02.745772,detail,farmland,20,0.016,0.32,3,1.0,3.0,1182.0,5910000.0,1891200.0,1.0
,Overhead,AC,394,Advanced Aluminum Conductor,100,0.7,LCC Converter,0,True,140,Standard Aluminum Conductor,AC,50.0,0.03,1,1.5,50,20251105_142501,2025-11-05T14:25:02.745772,detail,rolling_hills,15,0.025,0.375,6,1.0,6.0,2364.0,15760000.0,5910000.0,1.0
,Overhead,AC,394,Advanced Aluminum Conductor,100,0.7,LCC Converter,0,True,140,Standard Aluminum Conductor,AC,50.0,0.03,1,1.5,50,20251105_142501,2025-11-05T14:25:02.745772,summary,all,100,,2.49,,,,,,38178600.0,1.0
,Overhead,AC,394,Advanced Aluminum Conductor,100,0.7,LCC Converter,0,True,140,Standard Aluminum Conductor,AC,50.0,0.03,1,1.5,50,20251105_142507,2025-11-05T14:25:08.896659,detail,forested,25,0.04,1.0,8,1.0,8.0,3152.0,23640000.0,23640000.0,1.0
,Overhead,AC,394,Advanced Aluminum Conductor,100,0.7,LCC Converter,0,True,140,Standard Aluminum Conductor,AC,50.0,0.03,1,1.5,50,20251105_142507,2025-11-05T14:25:08.896659,detail,scrubbed_flat,35,0.021,0.7350000000000001,4,1.0,4.0,1576.0,7880000.0,5791800.000000001,1.0
,Overhead,AC,394,Advanced Aluminum Conductor,100,0.7,LCC Converter,0,True,140,Standard Aluminum Conductor,AC,50.0,0.03,1,1.5,50,20251105_142507,2025-11-05T14:25:08.896659,detail,wetland,5,0.012,0.06,6,1.0,6.0,2364.0,15760000.0,945600.0,1.0
,Overhead,AC,394,Advanced Aluminum Conductor,100,0.7,LCC Converter,0,True,140,Standard Aluminum Conductor,AC,50.0,0.03,1,1.5,50,20251105_142507,2025-11-05T14:25:08.896659,detail,farmland,20,0.016,0.32,3,1.0,3.0,1182.0,5910000.0,1891200.0,1.0
,Overhead,AC,394,Advanced Aluminum Conductor,100,0.7,LCC Converter,0,True,140,Standard Aluminum Conductor,AC,50.0,0.03,1,1.5,50,20251105_142507,2025-11-05T14:25:08.896659,detail,rolling_hills,15,0.025,0.375,6,1.0,6.0,2364.0,15760000.0,5910000.0,1.0
,Overhead,AC,394,Advanced Aluminum Conductor,100,0.7,LCC Converter,0,True,140,Standard Aluminum Conductor,AC,50.0,0.03,1,1.5,50,20251105_142507,2025-11-05T14:25:08.896659,summary,all,100,,2.49,,,,,,38178600.0,1.0
,Overhead,AC,394,Advanced Aluminum Conductor,100,0.7,LCC Converter,0,True,140,Standard Aluminum Conductor,AC,50.0,0.03,1,1.5,50,20251105_142552,2025-11-05T14:25:53.591256,detail,forested,25,0.04,1.0,8,1.0,8.0,3152.0,23640000.0,23640000.0,1.0
,Overhead,AC,394,Advanced Aluminum Conductor,100,0.7,LCC Converter,0,True,140,Standard Aluminum Conductor,AC,50.0,0.03,1,1.5,50,20251105_142552,2025-11-05T14:25:53.591256,detail,scrubbed_flat,35,0.021,0.7350000000000001,4,1.0,4.0,1576.0,7880000.0,5791800.000000001,1.0
,Overhead,AC,394,Advanced Aluminum Conductor,100,0.7,LCC Converter,0,True,140,Standard Aluminum Conductor,AC,50.0,0.03,1,1.5,50,20251105_142552,2025-11-05T14:25:53.591256,detail,wetland,5,0.012,0.06,6,1.0,6.0,2364.0,15760000.0,945600.0,1.0
,Overhead,AC,394,Advanced Aluminum Conductor,100,0.7,LCC Converter,0,True,140,Standard Aluminum Conductor,AC,50.0,0.03,1,1.5,50,20251105_142552,2025-11-05T14:25:53.591256,detail,farmland,20,0.016,0.32,3,1.0,3.0,1182.0,5910000.0,1891200.0,1.0
,Overhead,AC,394,Advanced Aluminum Conductor,100,0.7,LCC Converter,0,True,140,Standard Aluminum Conductor,AC,50.0,0.03,1,1.5,50,20251105_142552,2025-11-05T14:25:53.591256,detail,rolling_hills,15,0.025,0.375,6,1.0,6.0,2364.0,15760000.0,5910000.0,1.0
,Overhead,AC,394,Advanced Aluminum Conductor,100,0.7,LCC Converter,0,True,140,Standard Aluminum Conductor,AC,50.0,0.03,1,1.5,50,20251105_142552,2025-11-05T14:25:53.591256,summary,all,100,,2.49,,,,,,38178600.0,1.0
