project_name,construction_type,ac_dc,capacity_mw,conductor_type,line_length_miles,line_utilization,converter_type,number_of_converters,reconductoring,old_capacity_mw,old_conductor_type,old_ac_dc,baseline_electricity_price_per_mwh,social_discount_rate,construction_years,delay_years,project_lifetime_years,scenario_id,timestamp,row_type,annual_revenue,nominal_total,pv_total,rate_base_pv,allowed_return_rate
S1_Rural_Overhead_AC_500MW,Overhead,AC,460,Standard Aluminum Conductor,100,0.7,LCC Converter,0,False,0,,,50.0,0.03,1,4,50,20251125_085532_692681,2025-11-25T08:55:33.634689,rate_based,11799536.690550346,589976834.5275173,173852754.8172752,117995366.90550345,0.1
S1_Rural_Overhead_AC_500MW,Overhead,AC,460,Standard Aluminum Conductor,100,0.7,LCC Converter,0,False,0,,,50.0,0.03,1,4,50,20251125_085631_105328,2025-11-25T08:56:32.012672,rate_based,11799536.690550346,589976834.5275173,173852754.8172752,117995366.90550345,0.1
S1_Rural_Overhead_AC_500MW,Overhead,AC,460,Standard Aluminum Conductor,100,0.7,LCC Converter,0,False,0,,,50.0,0.03,1,4,50,20251128_144238_783789,2025-11-28T14:42:40.213044,rate_based,11799536.690550346,589976834.5275173,173852754.8172752,117995366.90550345,0.1
S1_Rural_Overhead_AC_460MW,Overhead,AC,657,Standard Aluminum Conductor,100,0.7,LCC Converter,0,False,0,,,50.0,0.03,1,4,50,20251128_144333_750859,2025-11-28T14:43:34.673383,rate_based,11982141.473436128,599107073.6718065,176543228.63671997,119821414.73436128,0.1
S1_Rural_Overhead_AC_460MW,Overhead,AC,1792,Standard Aluminum Conductor,100,0.7,LCC Converter,0,False,0,,,50.0,0.03,1,4,50,20251128_144430_219259,2025-11-28T14:44:31.136199,rate_based,18106817.564257495,905340878.2128748,266783365.9130871,181068175.64257494,0.1
S1_Rural_Overhead_AC_460MW,Overhead,AC,1792,Standard Aluminum Conductor,100,0.7,LCC Converter,0,False,0,,,50.0,0.03,1,4,50,20251128_152823_824610,2025-11-28T15:28:31.113064,rate_based,18106817.564257495,905340878.2128748,266783365.9130871,181068175.64257494,0.1
S1_Rural_Overhead_AC_460MW,Overhead,AC,1792,Standard Aluminum Conductor,100,0.7,LCC Converter,0,False,0,,,50.0,0.03,1,4,50,20251128_152903_592556,2025-11-28T15:29:04.390944,rate_based,18106817.564257495,905340878.2128748,266783365.9130871,181068175.64257494,0.1
S1_Rural_Overhead_AC_460MW,Overhead,AC,1792,Standard Aluminum Conductor,100,0.7,LCC Converter,0,False,0,,,50.0,0.03,1,4,50,20251128_163304_389407,2025-11-28T16:33:05.581489,rate_based,18106817.564257495,905340878.2128748,266783365.9130871,181068175.64257494,0.1
S1_Rural_Overhead_AC_460MW,Underground Direct-Buried,AC,1792,Standard Aluminum Conductor,100,0.7,LCC Converter,0,False,0,,,50.0,0.03,1,4,50,20251128_203054_703964,2025-11-28T20:30:55.852655,rate_based,0.0,0.0,0.0,0.0,0.1
S1_Rural_Overhead_AC_460MW,Underground Direct-Buried,AC,657,Standard Aluminum Conductor,100,0.7,LCC Converter,0,False,0,,,50.0,0.03,1,4,50,20251128_203128_205064,2025-11-28T20:31:29.073145,rate_based,0.0,0.0,0.0,0.0,0.1
S1_Rural_Overhead_AC_460MW,Underground direct-buried,AC,657,Standard Aluminum Conductor,100,0.7,LCC Converter,0,False,0,,,50.0,0.03,1,4,50,20251128_203155_135359,2025-11-28T20:31:55.998669,rate_based,0.0,0.0,0.0,0.0,0.1
S1_Rural_Overhead_AC_460MW,Underground direct-buried,AC,657,Underground Copper Conductor,100,0.7,LCC Converter,0,False,0,,,50.0,0.03,1,4,50,20251128_203450_410010,2025-11-28T20:34:51.291677,rate_based,463965089.0378356,23198254451.89178,6835997970.400643,4639650890.378356,0.1
S1_Rural_Overhead_AC_460MW,Underground direct-buried,AC,657,Underground Copper Conductor,100,0.7,LCC Converter,0,False,0,,,50.0,0.03,1,4,50,20251128_203504_133863,2025-11-28T20:35:04.944321,rate_based,463965089.0378356,23198254451.89178,6835997970.400643,4639650890.378356,0.1
S1_Rural_Overhead_AC_460MW,Underground direct-buried,AC,657,Underground Copper Conductor,100,0.7,LCC Converter,0,False,0,,,50.0,0.03,1,4,50,20251128_203512_016190,2025-11-28T20:35:12.846115,rate_based,463965089.0378356,23198254451.89178,6835997970.400643,4639650890.378356,0.1
S1_Rural_Overhead_AC_460MW,Underground direct-buried,AC,657,Underground Copper Conductor,100,0.7,LCC Converter,0,False,0,,,50.0,0.03,1,4,50,20251128_203536_111341,2025-11-28T20:35:36.935959,rate_based,463965089.0378356,23198254451.89178,6835997970.400643,4639650890.378356,0.1
S1_Rural_Overhead_AC_460MW,Underground direct-buried,AC,657,Underground Copper Conductor,100,0.7,LCC Converter,0,False,0,,,50.0,0.03,1,4,50,20251128_203852_226637,2025-11-28T20:38:53.014303,rate_based,463965089.0378356,23198254451.89178,6835997970.400643,4639650890.378356,0.1
S1_Rural_Overhead_AC_460MW,Underground direct-buried,AC,657,Underground Copper Conductor,100,0.7,LCC Converter,0,False,0,,,50.0,0.03,1,4,50,20251128_204257_330655,2025-11-28T20:42:58.143199,rate_based,463965089.0378356,23198254451.89178,6835997970.400643,4639650890.378356,0.1
S1_Rural_Overhead_AC_460MW,Underground direct-buried,AC,657,Underground Copper Conductor,100,0.7,LCC Converter,0,False,0,,,50.0,0.03,1,4,50,20251128_204502_187758,2025-11-28T20:45:02.985834,rate_based,463965089.0378356,23198254451.89178,6835997970.400643,4639650890.378356,0.1
S1_Rural_Overhead_AC_460MW,Underground direct-buried,AC,657,Underground Copper Conductor,100,0.7,LCC Converter,0,False,0,,,50.0,0.03,1,4,50,20251128_205547_016188,2025-11-28T20:55:48.301226,rate_based,463965089.0378356,23198254451.89178,6835997970.400643,4639650890.378356,0.1
S1_Rural_Overhead_AC_460MW,Underground direct-buried,AC,657,Underground Copper Conductor,100,0.7,LCC Converter,0,False,0,,,50.0,0.03,1,4,50,20251128_210150_178866,2025-11-28T21:01:50.974217,rate_based,463965089.0378356,23198254451.89178,6835997970.400643,4639650890.378356,0.1
S1_Rural_Overhead_AC_460MW,Underground direct-buried,AC,657,Underground Copper Conductor,100,0.7,LCC Converter,0,False,0,,,50.0,0.03,1,4,50,20251128_210741_714083,2025-11-28T21:07:42.510356,rate_based,463965089.0378356,23198254451.89178,6835997970.400643,4639650890.378356,0.1
S1_Rural_Overhead_AC_460MW,Underground direct-buried,AC,657,Underground Copper Conductor,100,0.7,LCC Converter,0,False,0,,,50.0,0.03,1,4,50,20251128_211022_426785,2025-11-28T21:10:23.354756,rate_based,463965089.0378356,23198254451.89178,6835997970.400643,4639650890.378356,0.1
S1_Rural_Overhead_AC_460MW,Underground direct-buried,AC,657,Standard Aluminum Conductor,100,0.7,LCC Converter,0,False,0,,,50.0,0.03,1,4,50,20251128_211256_896455,2025-11-28T21:12:57.688278,rate_based,0.0,0.0,0.0,0.0,0.1
S1_Rural_Overhead_AC_460MW,Overhead,AC,657,Standard Aluminum Conductor,100,0.7,LCC Converter,0,False,0,,,50.0,0.03,1,4,50,20251128_211310_198795,2025-11-28T21:13:11.017381,rate_based,11982141.473436128,599107073.6718065,176543228.63671997,119821414.73436128,0.1
