project_name,construction_type,ac_dc,capacity_mw,conductor_type,line_length_miles,line_utilization,converter_type,number_of_converters,reconductoring,old_capacity_mw,old_conductor_type,old_ac_dc,baseline_electricity_price_per_mwh,social_discount_rate,construction_years,delay_years,project_lifetime_years,scenario_id,timestamp,row_type,terrain,miles,base_ignition_rate,construction_multiplier,effective_rate,events_per_year,severity_per_event,annual_cost,growth_rate,discount_rate
,Overhead,AC,394,Advanced Aluminum Conductor,100,0.7,LCC Converter,0,True,140,Standard Aluminum Conductor,AC,50.0,0.03,1,1.5,50,20251105_141849,2025-11-05T14:18:52.706919,detail,forested,25,0.0001,1.0,0.0001,0.0025,5000000000,12500000.0,0.02,0
,Overhead,AC,394,Advanced Aluminum Conductor,100,0.7,LCC Converter,0,True,140,Standard Aluminum Conductor,AC,50.0,0.03,1,1.5,50,20251105_141849,2025-11-05T14:18:52.706919,detail,scrubbed_flat,35,5e-05,1.0,5e-05,0.00175,5000000000,8750000.0,0.02,0
,Overhead,AC,394,Advanced Aluminum Conductor,100,0.7,LCC Converter,0,True,140,Standard Aluminum Conductor,AC,50.0,0.03,1,1.5,50,20251105_141849,2025-11-05T14:18:52.706919,detail,wetland,5,1e-05,1.0,1e-05,5e-05,5000000000,250000.0,0.02,0
,Overhead,AC,394,Advanced Aluminum Conductor,100,0.7,LCC Converter,0,True,140,Standard Aluminum Conductor,AC,50.0,0.03,1,1.5,50,20251105_141849,2025-11-05T14:18:52.706919,detail,farmland,20,3e-05,1.0,3e-05,0.0006000000000000001,5000000000,3000000.0000000005,0.02,0
,Overhead,AC,394,Advanced Aluminum Conductor,100,0.7,LCC Converter,0,True,140,Standard Aluminum Conductor,AC,50.0,0.03,1,1.5,50,20251105_141849,2025-11-05T14:18:52.706919,detail,rolling_hills,15,6e-05,1.0,6e-05,0.0009,5000000000,4500000.0,0.02,0
,Overhead,AC,394,Advanced Aluminum Conductor,100,0.7,LCC Converter,0,True,140,Standard Aluminum Conductor,AC,50.0,0.03,1,1.5,50,20251105_141849,2025-11-05T14:18:52.706919,summary,all,100,,,,0.0058,5000000000,28999999.999999996,0.02,0
,Overhead,AC,394,Advanced Aluminum Conductor,100,0.7,LCC Converter,0,True,140,Standard Aluminum Conductor,AC,50.0,0.03,1,1.5,50,20251105_142009,2025-11-05T14:20:10.517815,detail,forested,25,0.0001,1.0,0.0001,0.0025,5000000000,12500000.0,0.02,0
,Overhead,AC,394,Advanced Aluminum Conductor,100,0.7,LCC Converter,0,True,140,Standard Aluminum Conductor,AC,50.0,0.03,1,1.5,50,20251105_142009,2025-11-05T14:20:10.517815,detail,scrubbed_flat,35,5e-05,1.0,5e-05,0.00175,5000000000,8750000.0,0.02,0
,Overhead,AC,394,Advanced Aluminum Conductor,100,0.7,LCC Converter,0,True,140,Standard Aluminum Conductor,AC,50.0,0.03,1,1.5,50,20251105_142009,2025-11-05T14:20:10.517815,detail,wetland,5,1e-05,1.0,1e-05,5e-05,5000000000,250000.0,0.02,0
,Overhead,AC,394,Advanced Aluminum Conductor,100,0.7,LCC Converter,0,True,140,Standard Aluminum Conductor,AC,50.0,0.03,1,1.5,50,20251105_142009,2025-11-05T14:20:10.517815,detail,farmland,20,3e-05,1.0,3e-05,0.0006000000000000001,5000000000,3000000.0000000005,0.02,0
,Overhead,AC,394,Advanced Aluminum Conductor,100,0.7,LCC Converter,0,True,140,Standard Aluminum Conductor,AC,50.0,0.03,1,1.5,50,20251105_142009,2025-11-05T14:20:10.517815,detail,rolling_hills,15,6e-05,1.0,6e-05,0.0009,5000000000,4500000.0,0.02,0
,Overhead,AC,394,Advanced Aluminum Conductor,100,0.7,LCC Converter,0,True,140,Standard Aluminum Conductor,AC,50.0,0.03,1,1.5,50,20251105_142009,2025-11-05T14:20:10.517815,summary,all,100,,,,0.0058,5000000000,28999999.999999996,0.02,0
,Overhead,AC,394,Advanced Aluminum Conductor,100,0.7,LCC Converter,0,True,140,Standard Aluminum Conductor,AC,50.0,0.03,1,1.5,50,20251105_142338,2025-11-05T14:23:39.758493,detail,forested,25,0.0001,1.0,0.0001,0.0025,5000000000,12500000.0,0.02,0
,Overhead,AC,394,Advanced Aluminum Conductor,100,0.7,LCC Converter,0,True,140,Standard Aluminum Conductor,AC,50.0,0.03,1,1.5,50,20251105_142338,2025-11-05T14:23:39.758493,detail,scrubbed_flat,35,5e-05,1.0,5e-05,0.00175,5000000000,8750000.0,0.02,0
,Overhead,AC,394,Advanced Aluminum Conductor,100,0.7,LCC Converter,0,True,140,Standard Aluminum Conductor,AC,50.0,0.03,1,1.5,50,20251105_142338,2025-11-05T14:23:39.758493,detail,wetland,5,1e-05,1.0,1e-05,5e-05,5000000000,250000.0,0.02,0
,Overhead,AC,394,Advanced Aluminum Conductor,100,0.7,LCC Converter,0,True,140,Standard Aluminum Conductor,AC,50.0,0.03,1,1.5,50,20251105_142338,2025-11-05T14:23:39.758493,detail,farmland,20,3e-05,1.0,3e-05,0.0006000000000000001,5000000000,3000000.0000000005,0.02,0
,Overhead,AC,394,Advanced Aluminum Conductor,100,0.7,LCC Converter,0,True,140,Standard Aluminum Conductor,AC,50.0,0.03,1,1.5,50,20251105_142338,2025-11-05T14:23:39.758493,detail,rolling_hills,15,6e-05,1.0,6e-05,0.0009,5000000000,4500000.0,0.02,0
,Overhead,AC,394,Advanced Aluminum Conductor,100,0.7,LCC Converter,0,True,140,Standard Aluminum Conductor,AC,50.0,0.03,1,1.5,50,20251105_142338,2025-11-05T14:23:39.758493,summary,all,100,,,,0.0058,5000000000,28999999.999999996,0.02,0
,Overhead,AC,394,Advanced Aluminum Conductor,100,0.7,LCC Converter,0,True,140,Standard Aluminum Conductor,AC,50.0,0.03,1,1.5,50,20251105_142501,2025-11-05T14:25:02.714703,detail,forested,25,0.0001,1.0,0.0001,0.0025,5000000000,12500000.0,0.02,0
,Overhead,AC,394,Advanced Aluminum Conductor,100,0.7,LCC Converter,0,True,140,Standard Aluminum Conductor,AC,50.0,0.03,1,1.5,50,20251105_142501,2025-11-05T14:25:02.714703,detail,scrubbed_flat,35,5e-05,1.0,5e-05,0.00175,5000000000,8750000.0,0.02,0
,Overhead,AC,394,Advanced Aluminum Conductor,100,0.7,LCC Converter,0,True,140,Standard Aluminum Conductor,AC,50.0,0.03,1,1.5,50,20251105_142501,2025-11-05T14:25:02.714703,detail,wetland,5,1e-05,1.0,1e-05,5e-05,5000000000,250000.0,0.02,0
,Overhead,AC,394,Advanced Aluminum Conductor,100,0.7,LCC Converter,0,True,140,Standard Aluminum Conductor,AC,50.0,0.03,1,1.5,50,20251105_142501,2025-11-05T14:25:02.714703,detail,farmland,20,3e-05,1.0,3e-05,0.0006000000000000001,5000000000,3000000.0000000005,0.02,0
,Overhead,AC,394,Advanced Aluminum Conductor,100,0.7,LCC Converter,0,True,140,Standard Aluminum Conductor,AC,50.0,0.03,1,1.5,50,20251105_142501,2025-11-05T14:25:02.714703,detail,rolling_hills,15,6e-05,1.0,6e-05,0.0009,5000000000,4500000.0,0.02,0
,Overhead,AC,394,Advanced Aluminum Conductor,100,0.7,LCC Converter,0,True,140,Standard Aluminum Conductor,AC,50.0,0.03,1,1.5,50,20251105_142501,2025-11-05T14:25:02.714703,summary,all,100,,,,0.0058,5000000000,28999999.999999996,0.02,0
,Overhead,AC,394,Advanced Aluminum Conductor,100,0.7,LCC Converter,0,True,140,Standard Aluminum Conductor,AC,50.0,0.03,1,1.5,50,20251105_142507,2025-11-05T14:25:08.864570,detail,forested,25,0.0001,1.0,0.0001,0.0025,5000000000,12500000.0,0.02,0
,Overhead,AC,394,Advanced Aluminum Conductor,100,0.7,LCC Converter,0,True,140,Standard Aluminum Conductor,AC,50.0,0.03,1,1.5,50,20251105_142507,2025-11-05T14:25:08.864570,detail,scrubbed_flat,35,5e-05,1.0,5e-05,0.00175,5000000000,8750000.0,0.02,0
,Overhead,AC,394,Advanced Aluminum Conductor,100,0.7,LCC Converter,0,True,140,Standard Aluminum Conductor,AC,50.0,0.03,1,1.5,50,20251105_142507,2025-11-05T14:25:08.864570,detail,wetland,5,1e-05,1.0,1e-05,5e-05,5000000000,250000.0,0.02,0
,Overhead,AC,394,Advanced Aluminum Conductor,100,0.7,LCC Converter,0,True,140,Standard Aluminum Conductor,AC,50.0,0.03,1,1.5,50,20251105_142507,2025-11-05T14:25:08.864570,detail,farmland,20,3e-05,1.0,3e-05,0.0006000000000000001,5000000000,3000000.0000000005,0.02,0
,Overhead,AC,394,Advanced Aluminum Conductor,100,0.7,LCC Converter,0,True,140,Standard Aluminum Conductor,AC,50.0,0.03,1,1.5,50,20251105_142507,2025-11-05T14:25:08.864570,detail,rolling_hills,15,6e-05,1.0,6e-05,0.0009,5000000000,4500000.0,0.02,0
,Overhead,AC,394,Advanced Aluminum Conductor,100,0.7,LCC Converter,0,True,140,Standard Aluminum Conductor,AC,50.0,0.03,1,1.5,50,20251105_142507,2025-11-05T14:25:08.864570,summary,all,100,,,,0.0058,5000000000,28999999.999999996,0.02,0
,Overhead,AC,394,Advanced Aluminum Conductor,100,0.7,LCC Converter,0,True,140,Standard Aluminum Conductor,AC,50.0,0.03,1,1.5,50,20251105_142552,2025-11-05T14:25:53.562325,detail,forested,25,0.0001,1.0,0.0001,0.0025,5000000000,12500000.0,0.02,0
,Overhead,AC,394,Advanced Aluminum Conductor,100,0.7,LCC Converter,0,True,140,Standard Aluminum Conductor,AC,50.0,0.03,1,1.5,50,20251105_142552,2025-11-05T14:25:53.562325,detail,scrubbed_flat,35,5e-05,1.0,5e-05,0.00175,5000000000,8750000.0,0.02,0
,Overhead,AC,394,Advanced Aluminum Conductor,100,0.7,LCC Converter,0,True,140,Standard Aluminum Conductor,AC,50.0,0.03,1,1.5,50,20251105_142552,2025-11-05T14:25:53.562325,detail,wetland,5,1e-05,1.0,1e-05,5e-05,5000000000,250000.0,0.02,0
,Overhead,AC,394,Advanced Aluminum Conductor,100,0.7,LCC Converter,0,True,140,Standard Aluminum Conductor,AC,50.0,0.03,1,1.5,50,20251105_142552,2025-11-05T14:25:53.562325,detail,farmland,20,3e-05,1.0,3e-05,0.0006000000000000001,5000000000,3000000.0000000005,0.02,0
,Overhead,AC,394,Advanced Aluminum Conductor,100,0.7,LCC Converter,0,True,140,Standard Aluminum Conductor,AC,50.0,0.03,1,1.5,50,20251105_142552,2025-11-05T14:25:53.562325,detail,rolling_hills,15,6e-05,1.0,6e-05,0.0009,5000000000,4500000.0,0.02,0
,Overhead,AC,394,Advanced Aluminum Conductor,100,0.7,LCC Converter,0,True,140,Standard Aluminum Conductor,AC,50.0,0.03,1,1.5,50,20251105_142552,2025-11-05T14:25:53.562325,summary,all,100,,,,0.0058,5000000000,28999999.999999996,0.02,0
